lake,date,depth,CO2_FID,concentrationCO2Gas,CH4_FID,concentrationCH4Gas,concentrationN2OGas,concentrationCO2Air,concentrationCH4Air,concentrationN2OAir,gasVolume,waterVolume,waterTemp,headspaceTemp,barometricPressure
SSB,1/9/20,0.5,7003.3196,6395.54786,7023.07513,7025.531,0.14231,369.10007,19.51258,0.43414,60,940,0.2,0.2,101.786
SSB,1/9/20,0.5,6545.28891,5966.53086,6494.83566,6492.33586,0.16577,369.10007,19.51258,0.43414,60,940,0.2,0.2,101.786
SSB,1/9/20,0.5,6998.85428,6372.53096,8273.04009,8283.14257,0.18352,369.10007,19.51258,0.43414,60,940,0.2,0.2,101.786
SSB,1/9/20,3,9034.66174,8194.0792,8968.98857,8987.1348,0,369.10007,19.51258,0.43414,60,940,3.9,3.9,101.786
SSB,1/9/20,3,8337.55184,7580.98709,7713.9924,7714.8665,0,369.10007,19.51258,0.43414,60,940,3.9,3.9,101.786
SSB,1/9/20,3,9210.9973,8355.23497,7454.14257,7454.70267,0,369.10007,19.51258,0.43414,60,940,3.9,3.9,101.786
SSB,1/9/20,5,9822.62141,8896.10046,13766.0517,13838.49602,0,369.10007,19.51258,0.43414,60,940,4,4,101.786
SSB,1/9/20,5,9467.25371,8588.5975,14630.44807,14730.11339,0,369.10007,19.51258,0.43414,60,940,4,4,101.786
SSB,1/9/20,5,10084.04052,9128.26104,16040.4661,16176.10706,0,369.10007,19.51258,0.43414,60,940,4,4,101.786
SSB,1/9/20,7,26391.45573,23771.02953,248952.0257,245125.8035,0,369.10007,19.51258,0.43414,60,940,4.2,4.2,101.786
SSB,1/9/20,7,28372.65133,25561.12735,227353.6564,225048.4516,0,369.10007,19.51258,0.43414,60,940,4.2,4.2,101.786
SSB,1/9/20,7,28835.02743,25978.09419,229098.7901,226624.2944,0,369.10007,19.51258,0.43414,60,940,4.2,4.2,101.786
SSB,1/31/20,0.5,8082.63342,7352.9111,2978.53217,2977.02324,0.04028,378.53013,54.66265,0.42256,60,940,0.8,0.8,95.726
SSB,1/31/20,0.5,8112.49758,7369.9761,2750.98448,2766.935,0.04631,378.53013,54.66265,0.42256,60,940,0.8,0.8,95.726
SSB,1/31/20,0.5,7981.62634,7268.42843,2419.02586,2428.55569,0.05338,378.53013,54.66265,0.42256,60,940,0.8,0.8,95.726
SSB,1/31/20,3,9357.29238,8484.98796,7458.10458,7465.8684,0,378.53013,54.66265,0.42256,60,940,3.7,3.7,95.726
SSB,1/31/20,3,9356.42435,8489.2864,7236.96096,7224.6574,0,378.53013,54.66265,0.42256,60,940,3.7,3.7,95.726
SSB,1/31/20,3,9246.41076,8371.38219,6805.74913,6811.52472,0,378.53013,54.66265,0.42256,60,940,3.7,3.7,95.726
SSB,1/31/20,5,10403.61922,9406.51158,14635.89483,14733.56986,0,378.53013,54.66265,0.42256,60,940,4,4,95.726
SSB,1/31/20,5,10376.39111,9412.69548,13275.95344,13357.92588,0,378.53013,54.66265,0.42256,60,940,4,4,95.726
SSB,1/31/20,5,10540.4077,9543.11667,16021.47261,16154.97566,0,378.53013,54.66265,0.42256,60,940,4,4,95.726
SSB,1/31/20,7,18255.74662,16463.98874,77859.70604,79695.21852,0,378.53013,54.66265,0.42256,60,940,4.2,4.2,95.726
SSB,1/31/20,7,18320.9043,16517.57006,73817.00944,75643.66366,0,378.53013,54.66265,0.42256,60,940,4.2,4.2,95.726
SSB,1/31/20,7,18332.02022,16524.85211,73487.42656,75311.09599,0,378.53013,54.66265,0.42256,60,940,4.2,4.2,95.726
SSB,2/14/20,0.5,7873.45279,7161.31004,2243.37224,2248.13088,0.19412,371.99542,123.09926,0.44982,60,940,1.9,1.9,94.926
SSB,2/14/20,0.5,7781.61934,7071.03145,2596.65937,2595.88586,0.20999,371.99542,123.09926,0.44982,60,940,1.9,1.9,94.926
SSB,2/14/20,0.5,7880.69833,7174.53321,3443.04845,3454.60969,0.20904,371.99542,123.09926,0.44982,60,940,1.9,1.9,94.926
SSB,2/14/20,3,9695.10498,8790.51528,10852.75105,10891.79982,0,371.99542,123.09926,0.44982,60,940,4,4,94.926
SSB,2/14/20,3,9595.41768,8698.1561,10250.63151,10290.37816,0,371.99542,123.09926,0.44982,60,940,4,4,94.926
SSB,2/14/20,3,10165.74864,9206.30456,14805.50631,14899.88701,0,371.99542,123.09926,0.44982,60,940,4,4,94.926
SSB,2/14/20,5,7821.16769,7109.81611,17011.93721,17178.57657,0.11283,371.99542,123.09926,0.44982,60,940,4.1,4.1,94.926
SSB,2/14/20,5,12531.73398,11321.91874,30373.66848,30909.85456,0,371.99542,123.09926,0.44982,60,940,4.1,4.1,94.926
SSB,2/14/20,5,11816.57838,10691.1167,30011.62848,30522.74581,0,371.99542,123.09926,0.44982,60,940,4.1,4.1,94.926
SSB,2/14/20,7,15554.66881,14037.88003,69353.85068,71024.07114,0,371.99542,123.09926,0.44982,60,940,4.3,4.3,94.926
SSB,2/14/20,7,20909.51611,18851.27591,109879.3553,111889.5139,0,371.99542,123.09926,0.44982,60,940,4.3,4.3,94.926
SSB,2/14/20,7,21546.90701,19416.72953,118763.2325,120632.3243,0,371.99542,123.09926,0.44982,60,940,4.3,4.3,94.926
SSB,3/6/20,0.5,8501.55285,7715.21947,5535.46427,5524.12771,0,372.84204,8.92426,0.4212,60,940,0.5,0.5,97.272
SSB,3/6/20,0.5,8979.61931,8138.54605,6173.37853,6171.11613,0,372.84204,8.92426,0.4212,60,940,0.5,0.5,97.272
SSB,3/6/20,0.5,9109.00714,8241.92076,6545.66429,6539.47192,0,372.84204,8.92426,0.4212,60,940,0.5,0.5,97.272
SSB,3/6/20,3,9878.11113,8917.62386,11888.41306,11914.41419,0,372.84204,8.92426,0.4212,60,940,3.8,3.8,97.272
SSB,3/6/20,3,9836.38792,8907.3928,14401.41956,14464.95026,0,372.84204,8.92426,0.4212,60,940,3.8,3.8,97.272
SSB,3/6/20,3,9820.17929,8876.16757,10146.92704,10147.76028,0,372.84204,8.92426,0.4212,60,940,3.8,3.8,97.272
SSB,3/6/20,5,10659.32221,9648.80282,17895.26846,18025.27417,0,372.84204,8.92426,0.4212,60,940,4,4,97.272
SSB,3/6/20,5,11013.84925,9946.94145,19255.83576,19406.04988,0,372.84204,8.92426,0.4212,60,940,4,4,97.272
SSB,3/6/20,5,11117.03862,10023.49487,22851.58205,23086.43705,0,372.84204,8.92426,0.4212,60,940,4,4,97.272
SSB,3/6/20,7,20979.60463,18838.03969,123198.0236,124760.453,0,372.84204,8.92426,0.4212,60,940,4.3,4.3,97.272
SSB,3/6/20,7,21362.75719,19171.85968,106454.9468,108200.4029,0,372.84204,8.92426,0.4212,60,940,4.3,4.3,97.272
SSB,3/6/20,7,20260.62251,18213.15211,137687.4144,139037.0985,0,372.84204,8.92426,0.4212,60,940,4.3,4.3,97.272
SSB,5/4/20,0,4037.75796,3833.55643,1524.60009,1520.88846,0,400.06544,34.99834,-0.2565,25,115,14.1,14.1,96.285
SSB,5/4/20,0,2468.32521,2429.60305,1279.99809,1277.06007,0,400.06544,34.99834,-0.2565,25,115,14.1,14.1,96.285
SSB,5/4/20,0,643.81895,769.17332,1457.28154,1449.82474,0,400.06544,34.99834,-0.2565,25,115,14.1,14.1,96.285
SSB,5/4/20,3,9662.42024,8903.69241,5432.832,5453.47989,0,400.06544,34.99834,-0.2565,25,115,4.1,4.1,96.285
SSB,5/4/20,3,9123.85628,8426.56218,5502.64184,5527.67901,0,400.06544,34.99834,-0.2565,25,115,4.1,4.1,96.285
SSB,5/4/20,3,9295.57873,8582.22262,5423.56526,5440.2872,0,400.06544,34.99834,-0.2565,25,115,4.1,4.1,96.285
SSB,5/4/20,5,12121.11105,11134.93084,14742.30784,15004.40989,0,400.06544,34.99834,-0.2565,25,115,4.1,4.1,96.285
SSB,5/4/20,5,12170.79909,11170.6493,14874.08861,15131.9193,0,400.06544,34.99834,-0.2565,25,115,4.1,4.1,96.285
SSB,5/4/20,5,11956.31583,10976.69813,15301.35707,15581.11963,0,400.06544,34.99834,-0.2565,25,115,4.1,4.1,96.285
SSB,5/4/20,7,19823.94206,18114.81678,35929.02181,37101.52335,0,400.06544,34.99834,-0.2565,25,115,4.2,4.2,96.285
SSB,5/4/20,7,19580.10639,17895.29281,34787.92435,35912.31173,0,400.06544,34.99834,-0.2565,25,115,4.2,4.2,96.285
SSB,5/4/20,7,18647.84681,17043.66199,35041.07087,36171.20277,0,400.06544,34.99834,-0.2565,25,115,4.2,4.2,96.285
SSB,6/18/20,0,1566.45808,1622.83685,40.90342,22.79495,0,356.22733,6.53984,-0.14154,35,105,26,26,95.565
SSB,6/18/20,0,1642.24611,1697.91582,128.51526,116.64505,0,356.22733,6.53984,-0.14154,35,105,26,26,95.565
SSB,6/18/20,0,1456.48634,1532.92557,78.62254,64.08826,0,356.22733,6.53984,-0.14154,35,105,26,26,95.565
SSB,6/18/20,3,12958.83214,11936.64432,8491.39924,8616.39834,0,356.22733,6.53984,-0.14154,35,105,5.1,0.2,95.565
SSB,6/18/20,3,12863.30435,11849.96798,7916.83091,8025.99492,0,356.22733,6.53984,-0.14154,35,105,5.1,0.2,95.565
SSB,6/18/20,3,12814.81211,11800.92864,7755.08816,7863.82535,0,356.22733,6.53984,-0.14154,35,105,5.1,0.2,95.565
SSB,6/18/20,5,13809.8713,12702.40368,13186.39979,13483.73822,0,356.22733,6.53984,-0.14154,35,105,4.6,0.2,95.565
SSB,6/18/20,5,13560.49748,12484.29973,12421.61694,12815.48836,0,356.22733,6.53984,-0.14154,35,105,4.6,0.2,95.565
SSB,6/18/20,5,14273.82565,13125.86927,14940.52642,15432.78353,0,356.22733,6.53984,-0.14154,35,105,4.6,0.2,95.565
SSB,6/25/20,0,2086.32168,2091.98089,60.98894,44.38147,0.33057,369.98432,51.39191,-0.32299,35,105,23.3,23.3,95.352
SSB,6/25/20,0,2429.52232,2408.20578,92.51432,77.59616,0,369.98432,51.39191,-0.32299,35,105,23.3,23.3,95.352
SSB,6/25/20,0,2410.42238,2390.37661,215.00246,200.46834,0,369.98432,51.39191,-0.32299,35,105,23.3,23.3,95.352
SSB,6/25/20,3,12573.39974,11562.70441,8209.97323,8306.28382,0,369.98432,51.39191,-0.32299,35,105,5.3,5.3,95.352
SSB,6/25/20,3,12150.3453,11178.91421,7344.31696,7416.71413,0,369.98432,51.39191,-0.32299,35,105,5.3,5.3,95.352
SSB,6/25/20,3,12295.79616,11323.97881,7796.19774,7877.52479,0,369.98432,51.39191,-0.32299,35,105,5.3,5.3,95.352
SSB,6/25/20,5,12948.23469,11892.72636,10630.27645,10776.97134,0.24319,369.98432,51.39191,-0.32299,35,105,4.4,4.4,95.352
SSB,6/25/20,5,12739.03373,11707.75966,10870.57131,11030.81216,0,369.98432,51.39191,-0.32299,35,105,4.4,4.4,95.352
SSB,6/25/20,5,11960.92984,11019.60888,11117.24041,11315.96262,0,369.98432,51.39191,-0.32299,35,105,4.4,4.4,95.352
SSB,6/25/20,7,19736.9751,18073.29638,38628.94705,39962.02684,0,369.98432,51.39191,-0.32299,35,105,4.4,4.4,95.352
SSB,6/25/20,7,19767.33257,18093.9351,38771.26041,40110.49811,0,369.98432,51.39191,-0.32299,35,105,4.4,4.4,95.352
SSB,6/25/20,7,19793.21237,18124.6049,35765.12938,37167.5334,0,369.98432,51.39191,-0.32299,35,105,4.4,4.4,95.352
SSB,7/2/20,0,1750.91293,1793.65667,178.6184,169.26569,0,393.43812,55.75334,0.00402,35,105,28.3,28.3,95.899
SSB,7/2/20,0,1704.5474,1744.48244,39.33468,24.90362,0,393.43812,55.75334,0.00402,35,105,28.3,28.3,95.899
SSB,7/2/20,0,1738.18861,1781.666,83.74612,210.82762,0,393.43812,55.75334,0.00402,35,105,28.3,28.3,95.899
SSB,7/2/20,3,14236.44602,13075.50621,11284.94981,11660.87017,0,393.43812,55.75334,0.00402,35,105,6.1,6.1,95.899
SSB,7/2/20,3,14194.34188,13040.00756,10714.24804,11043.55505,0,393.43812,55.75334,0.00402,35,105,6.1,6.1,95.899
SSB,7/2/20,3,14150.31459,12989.91063,10277.19169,10590.50839,0,393.43812,55.75334,0.00402,35,105,6.1,6.1,95.899
SSB,7/2/20,5,14031.81825,12891.84291,12144.66552,12435.29428,0,393.43812,55.75334,0.00402,35,105,4.5,4.5,95.899
SSB,7/2/20,5,14387.5066,13203.70132,12544.8136,12955.10622,0,393.43812,55.75334,0.00402,35,105,4.5,4.5,95.899
SSB,7/2/20,5,14132.49503,12975.64469,11957.06227,12306.28245,0,393.43812,55.75334,0.00402,35,105,4.5,4.5,95.899
SSB,7/2/20,7,20278.43705,18578.49326,34917.94093,36314.2787,0,393.43812,55.75334,0.00402,35,105,4.4,4.4,95.899
SSB,7/2/20,7,17827.29763,16336.33273,32587.95998,33897.68489,0,393.43812,55.75334,0.00402,35,105,4.4,4.4,95.899
SSB,7/2/20,7,20434.89754,18730.08462,35480.92682,36889.24215,0,393.43812,55.75334,0.00402,35,105,4.4,4.4,95.899
SSB,7/11/20,0,1726.786,1777.39825,84.4547,71.36103,0,391.30247,42.34606,-0.62061,35,105,27,27,95.285
SSB,7/11/20,0,1959.52106,1987.00652,82.89985,66.44886,0,391.30247,42.34606,-0.62061,35,105,27,27,95.285
SSB,7/11/20,0,1671.94098,1716.37394,137.8905,127.30401,0.04554,391.30247,42.34606,-0.62061,35,105,27,27,95.285
SSB,7/11/20,3,14159.50764,12989.05415,10680.49913,10826.24147,0,391.30247,42.34606,-0.62061,35,105,6.1,6.1,95.285
SSB,7/11/20,3,13520.23773,12468.45168,10498.63287,10697.62423,0,391.30247,42.34606,-0.62061,35,105,6.1,6.1,95.285
SSB,7/11/20,3,12481.52727,11525.62119,9546.95199,9713.64478,0,391.30247,42.34606,-0.62061,35,105,6.1,6.1,95.285
SSB,7/11/20,5,14572.05099,13416.41817,13590.95898,13872.6471,0,391.30247,42.34606,-0.62061,35,105,4.5,4.5,95.285
SSB,7/11/20,5,14261.01087,13114.48359,13220.58326,13549.96224,0,391.30247,42.34606,-0.62061,35,105,4.5,4.5,95.285
SSB,7/11/20,5,14374.31026,13182.16184,13800.05455,14176.59208,0,391.30247,42.34606,-0.62061,35,105,4.5,4.5,95.285
SSB,7/11/20,7,22486.17214,20655.6481,47008.09498,48839.03842,0,391.30247,42.34606,-0.62061,35,105,4.4,4.4,95.285
SSB,7/11/20,7,22279.29473,20477.26058,45273.82794,46936.56845,0,391.30247,42.34606,-0.62061,35,105,4.4,4.4,95.285
SSB,7/11/20,7,22312.41223,20487.48791,45949.27187,48095.52764,0,391.30247,42.34606,-0.62061,35,105,4.4,4.4,95.285
SSB,7/16/20,0,2353.37618,2348.16958,92.64413,76.79088,0,391.7281,138.65702,-0.83876,35,105,26.6,26.6,95.645
SSB,7/16/20,0,1502.57948,1569.10477,55.79824,135.156,0,391.7281,138.65702,-0.83876,35,105,26.6,26.6,95.645
SSB,7/16/20,0,1686.47343,1737.37507,127.27264,203.92757,0.25621,391.7281,138.65702,-0.83876,35,105,26.6,26.6,95.645
SSB,7/16/20,3,13979.98044,12881.95647,10515.24648,10686.46371,0,391.7281,138.65702,-0.83876,35,105,6.5,6.5,95.645
SSB,7/16/20,3,8159.50372,7601.43213,6029.88565,6116.04912,0,391.7281,138.65702,-0.83876,35,105,6.5,6.5,95.645
SSB,7/16/20,3,8360.39417,7753.69714,6228.58086,6404.45806,0,391.7281,138.65702,-0.83876,35,105,6.5,6.5,95.645
SSB,7/16/20,5,13519.73945,12438.4222,12538.47964,12871.30134,0,391.7281,138.65702,-0.83876,35,105,4.6,4.6,95.645
SSB,7/16/20,5,9020.07258,8336.78904,8005.23079,8104.15713,0,391.7281,138.65702,-0.83876,35,105,4.6,4.6,95.645
SSB,7/16/20,5,13940.80898,12801.62772,12776.97801,13023.91517,0,391.7281,138.65702,-0.83876,35,105,4.6,4.6,95.645
SSB,7/16/20,7,21667.57775,19896.46101,44444.31695,46205.96966,0,391.7281,138.65702,-0.83876,35,105,4.4,4.4,95.645
SSB,7/16/20,7,21510.42746,19758.21816,42647.11967,44252.85887,0,391.7281,138.65702,-0.83876,35,105,4.4,4.4,95.645
SSB,7/16/20,7,21627.46334,19871.21285,43447.92103,45206.92871,0,391.7281,138.65702,-0.83876,35,105,4.4,4.4,95.645
SBB,7/23/20,0,4138.0702,3952.63746,180.22688,240.64289,0,NA,NA,NA,35,105,20.7,20.7,96.125
SSB,7/23/20,0,4104.52422,3926.37355,171.51229,221.74656,0.17993,374.60043,44.77353,0.00569,35,105,20.7,20.7,96.125
SSB,7/23/20,0,4142.46295,3956.66469,181.99147,234.08048,0.02937,374.60043,44.77353,0.00569,35,105,20.7,20.7,96.125
SSB,7/23/20,3,13491.23159,12437.8802,10473.82903,10791.16258,0,374.60043,44.77353,0.00569,35,105,6.6,6.6,96.125
SSB,7/23/20,3,13379.88204,12339.50735,10174.73166,10354.22657,0,374.60043,44.77353,0.00569,35,105,6.6,6.6,96.125
SSB,7/23/20,3,13419.67118,12372.35979,10574.20063,10772.2927,0,374.60043,44.77353,0.00569,35,105,6.6,6.6,96.125
SSB,7/23/20,5,14190.86781,13023.82512,14055.75939,14322.80053,0,374.60043,44.77353,0.00569,35,105,4.5,4.5,96.125
SSB,7/23/20,5,14181.30514,13061.41418,14514.02378,14829.38585,0,374.60043,44.77353,0.00569,35,105,4.5,4.5,96.125
SSB,7/23/20,5,14203.57326,13056.68324,14626.24034,14992.30317,0,374.60043,44.77353,0.00569,35,105,4.5,4.5,96.125
SSB,7/23/20,7,21106.71199,19396.98359,44391.39883,46141.91125,0,374.60043,44.77353,0.00569,35,105,4.4,4.4,96.125
SSB,7/23/20,7,20878.53949,19181.36537,43471.05092,45141.42713,0,374.60043,44.77353,0.00569,35,105,4.4,4.4,96.125
SSB,7/23/20,7,20876.18522,19108.64211,43897.29912,45472.77157,0,374.60043,44.77353,0.00569,35,105,4.4,4.4,96.125
SSB,7/28/20,0,2713.67526,2660.38999,43.53484,25.50297,0,379.84956,60.07996,-0.08359,35,105,23.3,23.3,95.232
SSB,7/28/20,0,2813.2707,2748.85404,43.20737,22.40612,0.05892,379.84956,60.07996,-0.08359,35,105,23.3,23.3,95.232
SSB,7/28/20,0,2820.16955,2759.88178,60.727,41.83911,0,379.84956,60.07996,-0.08359,35,105,23.3,23.3,95.232
SSB,7/28/20,3,14417.58749,13217.49351,12324.47806,12516.06327,0,379.84956,60.07996,-0.08359,35,105,7,7,95.232
SSB,7/28/20,3,14427.63881,13233.83725,12128.93812,12332.77022,0,379.84956,60.07996,-0.08359,35,105,7,7,95.232
SSB,7/28/20,3,14342.40788,13165.3724,11590.34917,11803.02407,0,379.84956,60.07996,-0.08359,35,105,7,7,95.232
SSB,7/28/20,5,14564.72797,13361.78288,14087.23584,14342.28069,0,379.84956,60.07996,-0.08359,35,105,4.5,4.5,95.232
SSB,7/28/20,5,14752.10239,13536.15212,14516.06313,14804.69039,0,379.84956,60.07996,-0.08359,35,105,4.5,4.5,95.232
SSB,7/28/20,5,14915.57025,13677.07248,14711.436,15133.16057,0,379.84956,60.07996,-0.08359,35,105,4.5,4.5,95.232
SSB,7/28/20,7,22030.80884,20147.76194,45280.88722,46841.8406,0,379.84956,60.07996,-0.08359,35,105,4.4,4.4,95.232
SSB,7/28/20,7,21866.91862,20005.9591,42418.88781,43866.31347,0,379.84956,60.07996,-0.08359,35,105,4.4,4.4,95.232
SSB,7/28/20,7,21389.47541,19571.88589,41264.07468,42847.19646,0,379.84956,60.07996,-0.08359,35,105,4.4,4.4,95.232
SSB,10/7/20,0,5230.31992,4926.86583,711.37182,702.94216,0.11347,363.38559,44.69531,-0.0218,35,105,11.9,11.9,95.525
SSB,10/7/20,0,5394.55177,5068.98355,687.24809,685.44355,0.10556,363.38559,44.69531,-0.0218,35,105,11.9,11.9,95.525
SSB,10/7/20,0,5210.72188,4909.53235,599.34878,593.11542,0.15512,363.38559,44.69531,-0.0218,35,105,11.9,11.9,95.525
SSB,10/7/20,3,16095.34945,14731.44107,17351.85123,17725.65675,0,363.38559,44.69531,-0.0218,35,105,9.6,9.6,95.525
SSB,10/7/20,3,15990.62568,14642.75112,17090.02737,17447.02268,0,363.38559,44.69531,-0.0218,35,105,9.6,9.6,95.525
SSB,10/7/20,3,15669.39256,14345.94889,16915.75869,17267.67835,0,363.38559,44.69531,-0.0218,35,105,9.6,9.6,95.525
SSB,10/7/20,5,16294.70158,14922.76227,23911.83263,24568.99906,0,363.38559,44.69531,-0.0218,35,105,5.6,5.6,95.525
SSB,10/7/20,5,16234.33778,14862.10566,24210.49146,24875.00612,0,363.38559,44.69531,-0.0218,35,105,5.6,5.6,95.525
SSB,10/7/20,5,10405.97063,9586.82378,14716.56848,14981.29622,0,363.38559,44.69531,-0.0218,35,105,5.6,5.6,95.525
SSB,10/7/20,7,21650.3126,19796.30452,47394.22879,49001.02622,0,363.38559,44.69531,-0.0218,35,105,4.8,4.8,95.525
SSB,10/7/20,7,21590.68803,19729.80534,45492.50014,47036.77906,0,363.38559,44.69531,-0.0218,35,105,4.8,4.8,95.525
SSB,10/7/20,7,21832.78082,19957.39635,46249.98747,48013.18203,0,363.38559,44.69531,-0.0218,35,105,4.8,4.8,95.525
SSB,10/30/20,0,7594.89038,7054.31588,3879.37946,3889.11693,0,348.13162,5.9538,-0.21156,35,105,5.2,5.2,96.565
SSB,10/30/20,0,7551.98747,7022.40971,3787.21729,3797.83853,0,348.13162,5.9538,-0.21156,35,105,5.2,5.2,96.565
SSB,10/30/20,0,7506.74118,6983.78947,3705.84699,3720.51265,0,348.13162,5.9538,-0.21156,35,105,5.2,5.2,96.565
SSB,10/30/20,3,7799.98316,7242.87994,3394.44037,3406.70249,0,348.13162,5.9538,-0.21156,35,105,4.3,4.3,96.565
SSB,10/30/20,3,7957.46426,7381.69486,3471.10634,3721.87126,0,348.13162,5.9538,-0.21156,35,105,4.3,4.3,96.565
SSB,10/30/20,3,7890.14962,7311.74093,3905.88362,4135.559,0,348.13162,5.9538,-0.21156,35,105,4.3,4.3,96.565
SSB,10/30/20,5,7784.86275,7220.75134,3861.37278,3885.84579,0,348.13162,5.9538,-0.21156,35,105,4.2,4.2,96.565
SSB,10/30/20,5,7661.52829,7117.46473,3753.31125,3770.46151,0,348.13162,5.9538,-0.21156,35,105,4.2,4.2,96.565
SSB,10/30/20,5,7821.72899,7260.20855,4029.10571,4043.83713,0,348.13162,5.9538,-0.21156,35,105,4.2,4.2,96.565
SSB,10/30/20,7,7586.58172,7044.53751,3552.51598,3560.19292,0,348.13162,5.9538,-0.21156,35,105,4.2,4.2,96.565
SSB,10/30/20,7,7698.45862,7149.59558,3804.83483,3812.07577,0,348.13162,5.9538,-0.21156,35,105,4.2,4.2,96.565
SSB,10/30/20,7,7841.59729,7268.88829,3965.49534,3975.41183,0,348.13162,5.9538,-0.21156,35,105,4.2,4.2,96.565
SSB,1/13/21,0,6479.31761,6050.58825,518.34555,510.41836,0,386.36574,11.07119,-0.15686,35,105,0.3,0.3,94.738
SSB,1/13/21,0,7048.23592,6551.40605,671.08469,667.86442,0,386.36574,11.07119,-0.15686,35,105,0.3,0.3,94.738
SSB,1/13/21,0,7335.70668,6822.41039,74.10623,56.24949,0,386.36574,11.07119,-0.15686,35,105,0.3,0.3,94.738
SSB,1/13/21,3,7735.7773,7172.54734,1847.08624,1848.79897,0,386.36574,11.07119,-0.15686,35,105,3.6,3.6,94.738
SSB,1/13/21,3,7884.34422,7320.30244,2106.61288,2110.35489,0,386.36574,11.07119,-0.15686,35,105,3.6,3.6,94.738
SSB,1/13/21,3,7373.23303,6847.7065,1929.16532,1921.52443,0,386.36574,11.07119,-0.15686,35,105,3.6,3.6,94.738
SSB,1/13/21,5,8148.43802,7551.85242,3775.63908,3791.39863,0,386.36574,11.07119,-0.15686,35,105,3.7,3.7,94.738
SSB,1/13/21,5,8109.06309,7519.15112,3850.7847,3854.37222,0,386.36574,11.07119,-0.15686,35,105,3.7,3.7,94.738
SSB,1/13/21,5,8329.52724,7716.67975,4065.54902,4078.93558,0,386.36574,11.07119,-0.15686,35,105,3.7,3.7,94.738
SSB,1/13/21,7,9571.71892,8837.92741,7647.50192,7711.72402,0,386.36574,11.07119,-0.15686,35,105,4,4,94.738
SSB,1/13/21,7,9306.35613,8591.94655,8236.24627,8316.6799,0,386.36574,11.07119,-0.15686,35,105,4,4,94.738
SSB,1/13/21,7,9762.94639,9003.45316,10446.35559,10583.69519,0,386.36574,11.07119,-0.15686,35,105,4,4,94.738
TB,1/10/20,0.5,7430.44703,6729.56525,4352.63175,4344.20583,0,368.99791,42.98531,0.42611,60,940,0.2,0.2,100.847
TB,1/10/20,0.5,7663.86804,6949.88328,4231.28172,4216.17484,0,368.99791,42.98531,0.42611,60,940,0.2,0.2,100.847
TB,1/10/20,0.5,8184.38662,7413.03198,5546.70714,5519.834,0,368.99791,42.98531,0.42611,60,940,0.2,0.2,100.847
TB,1/10/20,3,10016.96369,9083.39345,6613.4997,6616.39181,0,368.99791,42.98531,0.42611,60,940,3.7,3.7,100.847
TB,1/10/20,3,9522.37634,8630.29997,6970.06271,6958.55591,0,368.99791,42.98531,0.42611,60,940,3.7,3.7,100.847
TB,1/10/20,3,10233.02324,9269.31942,6020.31151,6003.34126,0,368.99791,42.98531,0.42611,60,940,3.7,3.7,100.847
TB,1/10/20,5,9594.84502,8699.49192,6372.01934,6357.21291,0,368.99791,42.98531,0.42611,60,940,4,4,100.847
TB,1/10/20,5,9719.54188,8814.08579,5622.32149,5627.49055,0,368.99791,42.98531,0.42611,60,940,4,4,100.847
TB,1/10/20,5,9960.8222,9038.98417,6382.37255,6392.79313,0,368.99791,42.98531,0.42611,60,940,4,4,100.847
TB,1/10/20,7,10848.65135,9826.29868,13766.26974,13850.25896,0,368.99791,42.98531,0.42611,60,940,4.1,4.1,100.847
TB,1/10/20,7,11672.43706,10565.06089,22359.93986,22664.29875,0,368.99791,42.98531,0.42611,60,940,4.1,4.1,100.847
TB,1/10/20,7,12829.78479,11591.18613,36679.64085,37432.89278,0,368.99791,42.98531,0.42611,60,940,4.1,4.1,100.847
TB,1/30/20,0.5,9104.61128,8261.55643,4420.99924,4418.26566,0,368.01619,1.43888,0.43018,60,940,0.7,0.7,96.165
TB,1/30/20,0.5,9288.69926,8417.98947,4777.87201,4775.99434,0,368.01619,1.43888,0.43018,60,940,0.7,0.7,96.165
TB,1/30/20,0.5,8892.85994,8068.36656,4702.77735,4710.69852,0,368.01619,1.43888,0.43018,60,940,0.7,0.7,96.165
TB,1/30/20,3,9408.13258,8535.15174,5528.32991,5533.72814,0,368.01619,1.43888,0.43018,60,940,3.6,3.6,96.165
TB,1/30/20,3,9778.24256,8855.59994,6875.19399,6900.84572,0,368.01619,1.43888,0.43018,60,940,3.6,3.6,96.165
TB,1/30/20,3,9765.21263,8852.1773,6757.03102,6785.00712,0,368.01619,1.43888,0.43018,60,940,3.6,3.6,96.165
TB,1/30/20,5,9951.83605,9010.00799,7959.76434,7977.63594,0,368.01619,1.43888,0.43018,60,940,3.8,3.8,96.165
TB,1/30/20,5,9978.86105,9023.18693,8878.85948,8894.81648,0,368.01619,1.43888,0.43018,60,940,3.8,3.8,96.165
TB,1/30/20,5,10206.43102,9230.55802,9672.04383,9709.46338,0,368.01619,1.43888,0.43018,60,940,3.8,3.8,96.165
TB,1/30/20,7,23855.19695,21506.25074,188531.2875,188017.9341,0,368.01619,1.43888,0.43018,60,940,4.1,4.1,96.165
TB,1/30/20,7,18806.42201,16922.76072,115194.0067,116998.2969,0,368.01619,1.43888,0.43018,60,940,4.1,4.1,96.165
TB,1/30/20,7,16299.77947,14722.03935,83889.37227,85738.47889,0,368.01619,1.43888,0.43018,60,940,4.1,4.1,96.165
TB,2/15/20,0.5,9177.3076,8331.52378,5961.0344,5977.3687,0,371.83487,64.1326,0.45201,60,940,1.6,1.6,95.006
TB,2/15/20,0.5,8677.08808,7870.2872,6209.37278,6218.67522,0,371.83487,64.1326,0.45201,60,940,1.6,1.6,95.006
TB,2/15/20,0.5,9149.74179,8315.1559,6101.77699,6116.18975,0,371.83487,64.1326,0.45201,60,940,1.6,1.6,95.006
TB,2/15/20,3,9586.91759,8697.75678,7080.4801,7093.30238,0,371.83487,64.1326,0.45201,60,940,3.8,3.8,95.006
TB,2/15/20,3,9979.94253,9045.159,6833.9723,6842.73257,0,371.83487,64.1326,0.45201,60,940,3.8,3.8,95.006
TB,2/15/20,3,9730.9774,8809.18269,7772.89335,7758.80938,0,371.83487,64.1326,0.45201,60,940,3.8,3.8,95.006
TB,2/15/20,5,10616.32155,9600.55286,11513.29425,11530.77717,0,371.83487,64.1326,0.45201,60,940,4,4,95.006
TB,2/15/20,5,10578.50645,9555.57636,10991.80309,10995.31036,0,371.83487,64.1326,0.45201,60,940,4,4,95.006
TB,2/15/20,5,10553.16497,9534.34055,12083.11688,12116.46006,0,371.83487,64.1326,0.45201,60,940,4,4,95.006
TB,2/15/20,7,11127.42077,10058.95558,14478.36667,14578.76682,0,371.83487,64.1326,0.45201,60,940,4.2,4.2,95.006
TB,2/15/20,7,10677.77531,9646.79711,12092.74317,12144.08781,0,371.83487,64.1326,0.45201,60,940,4.2,4.2,95.006
TB,2/15/20,7,11088.13397,10020.78636,14484.06052,14571.6283,0,371.83487,64.1326,0.45201,60,940,4.2,4.2,95.006
TB,3/7/20,0.5,8681.21414,7851.97033,4434.76032,4419.06355,0,379.19256,70.33706,0.42008,60,940,1.3,1.3,96.459
TB,3/7/20,0.5,9192.87744,8318.60463,5424.20909,5413.69297,0,379.19256,70.33706,0.42008,60,940,1.3,1.3,96.459
TB,3/7/20,0.5,8975.24378,8104.16817,4873.55492,4852.53616,0,379.19256,70.33706,0.42008,60,940,1.3,1.3,96.459
TB,3/7/20,3,9994.47472,9028.94087,8382.18246,8373.92531,0,379.19256,70.33706,0.42008,60,940,3.6,3.6,96.459
TB,3/7/20,3,10178.79734,9183.55425,8965.92901,8955.90769,0,379.19256,70.33706,0.42008,60,940,3.6,3.6,96.459
TB,3/7/20,3,10118.89662,9144.46613,9827.34336,9817.46108,0,379.19256,70.33706,0.42008,60,940,3.6,3.6,96.459
TB,3/7/20,5,10397.86161,9368.59195,8703.81206,8680.00428,0,379.19256,70.33706,0.42008,60,940,3.9,3.9,96.459
TB,3/7/20,5,10281.7054,9294.96201,13116.8699,13137.65283,0,379.19256,70.33706,0.42008,60,940,3.9,3.9,96.459
TB,3/7/20,5,10672.21473,9629.33619,13096.61613,13120.90906,0,379.19256,70.33706,0.42008,60,940,3.9,3.9,96.459
TB,3/7/20,7,12395.12361,11152.62668,31481.81966,31942.41935,0,379.19256,70.33706,0.42008,60,940,4,4,96.459
TB,3/7/20,7,12002.92724,10815.88945,26725.57292,27026.80504,0,379.19256,70.33706,0.42008,60,940,4,4,96.459
TB,3/7/20,7,11748.91837,10568.14433,25093.80841,25337.18822,0,379.19256,70.33706,0.42008,60,940,4,4,96.459
TB,5/4/20,0,6073.87095,5674.49131,1896.39783,1893.63491,0,356.45198,11.61964,-0.37185,25,115,11.7,11.7,96.579
TB,5/4/20,0,6281.54324,5872.03252,1999.98777,2014.03087,0,356.45198,11.61964,-0.37185,25,115,11.7,11.7,96.579
TB,5/4/20,0,5985.0247,5611.30142,1860.77163,2054.16861,0,356.45198,11.61964,-0.37185,25,115,11.7,11.7,96.579
TB,5/4/20,3,8522.22863,7881.05446,3922.37926,3945.49129,0,356.45198,11.61964,-0.37185,25,115,3.9,3.9,96.579
TB,5/4/20,3,8377.57589,7746.75351,3915.45993,4194.80187,0,356.45198,11.61964,-0.37185,25,115,3.9,3.9,96.579
TB,5/4/20,3,8374.27272,7751.05986,3737.05595,3943.73637,0,356.45198,11.61964,-0.37185,25,115,3.9,3.9,96.579
TB,5/4/20,5,8876.30494,8202.58438,4718.38372,4920.77781,0,356.45198,11.61964,-0.37185,25,115,3.8,3.8,96.579
TB,5/4/20,5,8761.55879,8098.37669,4707.26279,4753.04783,0,356.45198,11.61964,-0.37185,25,115,3.8,3.8,96.579
TB,5/4/20,5,2586.28917,2535.25675,1198.91207,1207.57641,0,356.45198,11.61964,-0.37185,25,115,3.8,3.8,96.579
TB,5/4/20,7,10926.36185,10062.94517,10809.97457,10958.43297,0,356.45198,11.61964,-0.37185,25,115,4,4,96.579
TB,5/4/20,7,11025.07514,10139.13456,10814.7399,10951.66062,0,356.45198,11.61964,-0.37185,25,115,4,4,96.579
TB,5/4/20,7,10577.96983,9742.8763,9351.42252,9456.31827,0,356.45198,11.61964,-0.37185,25,115,4,4,96.579
TB,6/5/20,0,1439.87738,1514.70717,19.64019,-1.21545,0.48397,NA,NA,NA,35,105,20,20,95.165
TB,6/5/20,0,1438.9361,1511.39097,22.6535,2.70911,0.23699,NA,NA,NA,35,105,20,20,95.165
TB,6/5/20,0,1436.65415,1507.54576,20.7592,-0.75817,0,NA,NA,NA,35,105,4.1,4.1,95.165
TB,6/5/20,3,10220.18472,9458.59211,4643.69726,4688.99632,0,NA,NA,NA,35,105,4,4,95.165
TB,6/5/20,3,10247.48693,9478.92285,4895.96388,4939.43083,0,NA,NA,NA,35,105,4.1,4.1,95.165
TB,6/5/20,3,10286.42502,9525.00394,4710.13481,4758.72846,0,NA,NA,NA,35,105,4.1,4.1,95.165
TB,6/5/20,5,10737.51952,9914.25478,6742.71371,6821.16845,0,NA,NA,NA,35,105,4.5,4.5,95.165
TB,6/5/20,5,10655.85763,9851.77469,6443.65955,6517.50072,0,NA,NA,NA,35,105,4,4,95.165
TB,6/5/20,5,10634.89544,9825.89027,6425.75836,6496.90066,0,NA,NA,NA,35,105,4,4,95.165
TB,6/5/20,7,14443.79019,13276.55134,14657.8719,14945.98035,0,NA,NA,NA,35,105,20,20,95.165
TB,6/5/20,7,14406.82453,13237.3635,13382.43592,13607.88619,0,NA,NA,NA,35,105,4.5,4.5,95.165
TB,6/5/20,7,14400.81479,13233.35334,13838.18094,14304.66806,0,NA,NA,NA,35,105,4.5,4.5,95.165
TB,6/11/20,0,1867.31684,1901.08792,98.10038,84.57903,0,410.52435,36.13065,-0.37106,35,105,17.7,17.7,95.059
TB,6/11/20,0,2011.72542,2032.80685,76.40781,64.38276,0,410.52435,36.13065,-0.37106,35,105,17.7,17.7,95.059
TB,6/11/20,0,1986.43769,2007.88657,71.33266,57.33086,0,410.52435,36.13065,-0.37106,35,105,17.7,17.7,95.059
TB,6/11/20,3,10204.36054,9448.71054,4763.03638,4943.37553,0,410.52435,36.13065,-0.37106,35,105,4.5,4.5,95.059
TB,6/11/20,3,9511.37866,8820.08524,4552.77166,4609.9115,0,410.52435,36.13065,-0.37106,35,105,4.5,4.5,95.059
TB,6/11/20,3,10016.07228,9276.80956,4496.85521,4558.20369,0,410.52435,36.13065,-0.37106,35,105,4.5,4.5,95.059
TB,6/11/20,5,10280.21715,9495.55953,5916.35538,6143.96855,0,410.52435,36.13065,-0.37106,35,105,4,4,95.059
TB,6/11/20,5,10308.43183,9544.46479,6389.36601,6554.05844,0,410.52435,36.13065,-0.37106,35,105,4,4,95.059
TB,6/11/20,5,10371.51489,9600.55421,6454.34365,6538.95322,0,410.52435,36.13065,-0.37106,35,105,4,4,95.059
TB,6/11/20,7,12735.94383,11731.93113,12808.78911,13080.3764,0,410.52435,36.13065,-0.37106,35,105,4.1,4.1,95.059
TB,6/11/20,7,12918.88439,11898.95897,13233.08971,13669.24233,0,410.52435,36.13065,-0.37106,35,105,4.1,4.1,95.059
TB,6/11/20,7,13014.68031,11988.93973,13128.689,13461.32974,0,410.52435,36.13065,-0.37106,35,105,4.1,4.1,95.059
TB,6/18/20,0,1431.43072,1498.82783,20.8583,2.22767,0,362.32831,6.89464,-0.49706,35,105,23.8,23.8,95.659
TB,6/18/20,0,1395.45499,1475.99958,20.98253,2.83105,0,362.32831,6.89464,-0.49706,35,105,23.8,23.8,95.659
TB,6/18/20,0,1399.17177,1479.20324,18.64091,1.47187,0,362.32831,6.89464,-0.49706,35,105,23.8,23.8,95.659
TB,6/18/20,3,11354.6206,10498.34576,4882.26839,4974.61901,0,362.32831,6.89464,-0.49706,35,105,4.8,4.8,95.659
TB,6/18/20,3,11128.08962,10283.80017,4927.48738,5009.36717,0,362.32831,6.89464,-0.49706,35,105,4.8,4.8,95.659
TB,6/18/20,3,10911.44451,10086.63559,4524.9157,4565.73991,0,362.32831,6.89464,-0.49706,35,105,4.8,4.8,95.659
TB,6/18/20,5,11163.70735,10311.39633,5932.52927,5997.28498,0,362.32831,6.89464,-0.49706,35,105,4,4,95.659
TB,6/18/20,5,11075.88436,10237.26687,5858.23628,5929.23069,0,362.32831,6.89464,-0.49706,35,105,4,4,95.659
TB,6/18/20,5,11143.65824,10304.81552,5753.31864,5817.87565,0,362.32831,6.89464,-0.49706,35,105,4,4,95.659
TB,6/18/20,7,15595.00428,14321.37559,17093.13543,17494.01618,0,362.32831,6.89464,-0.49706,35,105,4.1,4.1,95.659
TB,6/18/20,7,15669.54518,14398.5986,16397.9071,16787.04989,0,362.32831,6.89464,-0.49706,35,105,4.1,4.1,95.659
TB,6/18/20,7,15382.84483,14142.8483,16924.40196,17332.94065,0,362.32831,6.89464,-0.49706,35,105,4.1,4.1,95.659
TB,6/24/20,0,2493.60723,2467.65528,49.44501,31.57474,0,364.57714,6.07929,-0.24364,35,105,22.6,0.2,95.005
TB,6/24/20,0,2498.17179,2467.22989,50.63144,31.88534,0,364.57714,6.07929,-0.24364,35,105,22.6,0.2,95.005
TB,6/24/20,0,2540.5277,2512.09208,54.79244,40.94295,0,364.57714,6.07929,-0.24364,35,105,22.6,0.2,95.005
TB,6/24/20,3,10460.43201,9649.52205,4565.74012,4589.07445,0,364.57714,6.07929,-0.24364,35,105,5.4,0.2,95.005
TB,6/24/20,3,10563.40438,9747.28869,4652.92449,4685.10857,0.05623,364.57714,6.07929,-0.24364,35,105,5.4,0.2,95.005
TB,6/24/20,3,10701.63888,9867.05231,4776.87721,4832.99372,0,364.57714,6.07929,-0.24364,35,105,5.4,0.2,95.005
TB,6/24/20,5,10923.3526,10077.4236,5958.77536,6003.8031,0,364.57714,6.07929,-0.24364,35,105,4.1,0.2,95.005
TB,6/24/20,5,10768.47921,9932.74824,5978.54082,6025.73187,0.01248,364.57714,6.07929,-0.24364,35,105,4.1,0.2,95.005
TB,6/24/20,5,10868.80071,10017.41503,6030.29245,6085.17836,0,364.57714,6.07929,-0.24364,35,105,4.1,0.2,95.005
TB,6/24/20,7,15888.86776,14565.80521,20965.19567,21517.43507,0,364.57714,6.07929,-0.24364,35,105,4.1,0.2,95.005
TB,6/24/20,7,15836.10281,14522.69213,19790.68323,20429.92555,0,364.57714,6.07929,-0.24364,35,105,4.1,0.2,95.005
TB,6/24/20,7,15816.85912,14505.25951,19272.65715,19807.24328,0,364.57714,6.07929,-0.24364,35,105,4.1,0.2,95.005
TB,6/30/20,0,1355.22864,1430.67258,43.01532,31.53965,0,380.6683,7.91158,0.25505,35,105,33.2,33.2,95.379
TB,6/30/20,0,1318.36455,1392.60978,50.17148,33.55629,0,380.6683,7.91158,0.25505,35,105,33.2,33.2,95.379
TB,6/30/20,0,1346.18151,1419.5002,50.67129,30.01366,0,380.6683,7.91158,0.25505,35,105,33.2,33.2,95.379
TB,6/30/20,3,11925.63909,10980.60509,5207.66546,5269.39767,0,380.6683,7.91158,0.25505,35,105,5,5,95.379
TB,6/30/20,3,11719.32768,10795.83219,5054.88921,5102.8835,0,380.6683,7.91158,0.25505,35,105,5,5,95.379
TB,6/30/20,3,11835.66306,10899.10011,5273.2463,5332.84235,0,380.6683,7.91158,0.25505,35,105,5,5,95.379
TB,6/30/20,5,11722.10108,10793.54474,6024.36617,6274.90785,0,380.6683,7.91158,0.25505,35,105,4.2,4.2,95.379
TB,6/30/20,5,10862.55419,10010.76556,6076.41318,6297.62234,0,380.6683,7.91158,0.25505,35,105,4.2,4.2,95.379
TB,6/30/20,5,11118.90493,10247.57221,5933.00298,6013.4198,0,380.6683,7.91158,0.25505,35,105,4.2,4.2,95.379
TB,6/30/20,7,16560.12622,15181.28311,18510.46714,19337.19313,0,380.6683,7.91158,0.25505,35,105,4.2,4.2,95.379
TB,6/30/20,7,16982.361,15582.78586,21572.96982,22144.69935,0,380.6683,7.91158,0.25505,35,105,4.2,4.2,95.379
TB,6/30/20,7,16606.87551,15233.86293,18894.22495,19360.46625,0,380.6683,7.91158,0.25505,35,105,4.2,4.2,95.379
TB,7/7/20,0,1689.33043,1733.62778,58.93479,43.59978,0,399.92279,27.7515,-0.38349,35,105,32,32,95.485
TB,7/7/20,0,1712.17572,1770.86092,84.4217,64.18834,0,399.92279,27.7515,-0.38349,35,105,32,32,95.485
TB,7/7/20,0,1781.48541,1820.34881,163.18554,150.16171,0,399.92279,27.7515,-0.38349,35,105,32,32,95.485
TB,7/7/20,3,11754.49033,10850.67428,5238.06253,5304.83319,0,399.92279,27.7515,-0.38349,35,105,5.6,5.6,95.485
TB,7/7/20,3,11683.31301,10796.27506,5195.14817,5259.81088,0,399.92279,27.7515,-0.38349,35,105,5.6,5.6,95.485
TB,7/7/20,3,11546.76864,10669.75471,4986.02602,5044.41098,0,399.92279,27.7515,-0.38349,35,105,5.6,5.6,95.485
TB,7/7/20,5,11746.77961,10837.10881,6939.01502,7023.06506,0,399.92279,27.7515,-0.38349,35,105,4.4,4.4,95.485
TB,7/7/20,5,11701.50144,10796.01422,7258.3083,7374.0927,0,399.92279,27.7515,-0.38349,35,105,4.4,4.4,95.485
TB,7/7/20,5,11680.93693,10751.52744,6751.34959,6952.94869,0,399.92279,27.7515,-0.38349,35,105,4.4,4.4,95.485
TB,7/7/20,7,17283.10535,15839.64373,19621.39106,20157.25857,0,399.92279,27.7515,-0.38349,35,105,4.4,4.4,95.485
TB,7/7/20,7,16857.65903,15443.31518,18832.69572,19265.67052,0,399.92279,27.7515,-0.38349,35,105,4.4,4.4,95.485
TB,7/7/20,7,16708.90421,15313.70778,19169.86428,19630.67772,0,399.92279,27.7515,-0.38349,35,105,4.4,4.4,95.485
TB,7/16/20,0,3025.92236,2967.60767,59.91724,56.31966,0,339.44256,21.26906,-0.51579,35,105,23.4,23.4,95.765
TB,7/16/20,0,2953.75391,2888.90533,85.92181,189.9273,0,339.44256,21.26906,-0.51579,35,105,23.4,23.4,95.765
TB,7/16/20,0,3023.47295,2955.52884,59.52512,59.08554,0,339.44256,21.26906,-0.51579,35,105,23.4,23.4,95.765
TB,7/16/20,3,11357.52732,10485.27841,4852.5268,5001.10793,0,339.44256,21.26906,-0.51579,35,105,5.6,5.6,95.765
TB,7/16/20,3,11393.58249,10510.29905,5013.04807,5181.83274,0,339.44256,21.26906,-0.51579,35,105,5.6,5.6,95.765
TB,7/16/20,3,11433.07181,10535.49358,4962.20984,5056.5361,0,339.44256,21.26906,-0.51579,35,105,5.6,5.6,95.765
TB,7/16/20,5,11097.27934,10227.32883,6384.59296,6815.23822,0.01631,339.44256,21.26906,-0.51579,35,105,4.1,4.1,95.765
TB,7/16/20,5,11097.65013,10217.75401,6406.8536,6576.77983,0,339.44256,21.26906,-0.51579,35,105,4.1,4.1,95.765
TB,7/16/20,5,10921.01008,10056.88483,6002.36572,6145.27079,0,339.44256,21.26906,-0.51579,35,105,4.1,4.1,95.765
TB,7/16/20,7,15529.20059,14275.03732,18150.72401,18724.45209,0,339.44256,21.26906,-0.51579,35,105,4.2,4.2,95.765
TB,7/16/20,7,15703.65708,14421.07743,17832.9464,18414.70684,0,339.44256,21.26906,-0.51579,35,105,4.2,4.2,95.765
TB,7/16/20,7,15432.69046,14160.90784,17095.64242,17586.12344,0.0332,339.44256,21.26906,-0.51579,35,105,4.2,4.2,95.765
TB,7/22/20,0,2842.53729,2785.78002,112.34287,113.80416,0,359.81277,11.69591,0.13863,35,105,21.8,21.8,95.592
TB,7/22/20,0,2803.76033,2753.251,100.61692,85.11167,0,359.81277,11.69591,0.13863,35,105,21.8,21.8,95.592
TB,7/22/20,0,2802.74405,2747.68553,78.11357,63.22201,0,359.81277,11.69591,0.13863,35,105,21.8,21.8,95.592
TB,8/4/20,0,4102.5496,3918.82617,211.20811,200.50515,0,347.33699,6.16543,0.01212,35,105,18.9,18.9,96.125
TB,8/4/20,0,4092.57426,3905.3192,290.36679,280.08349,0,347.33699,6.16543,0.01212,35,105,18.9,18.9,96.125
TB,8/4/20,0,4012.55126,3833.30209,211.85173,203.94885,0,347.33699,6.16543,0.01212,35,105,18.9,18.9,96.125
TB,10/5/20,0,4828.20595,4562.83634,1141.34965,1141.25403,0,355.97158,24.20824,0.06427,35,105,10.5,10.5,95.219
TB,10/5/20,0,4784.41704,4529.06933,1108.3186,1114.202,0,355.97158,24.20824,0.06427,35,105,10.5,10.5,95.219
TB,10/5/20,0,4677.17731,4436.93478,1027.84887,1027.91457,0,355.97158,24.20824,0.06427,35,105,10.5,10.5,95.219
TB,10/5/20,3,12329.18879,11331.01589,6165.70114,6204.57061,0,355.97158,24.20824,0.06427,35,105,9,9,95.219
TB,10/5/20,3,12514.01784,11488.00939,7019.69634,7065.63646,0,355.97158,24.20824,0.06427,35,105,9,9,95.219
TB,10/5/20,3,11919.56465,10966.76659,5925.54872,5972.44228,0,355.97158,24.20824,0.06427,35,105,9,9,95.219
TB,10/5/20,5,11646.30784,10703.63752,7696.91797,7772.18343,0,355.97158,24.20824,0.06427,35,105,5,5,95.219
TB,10/5/20,5,11683.67911,10751.5506,7521.50414,7590.39336,0,355.97158,24.20824,0.06427,35,105,5,5,95.219
TB,10/5/20,5,11771.95041,10818.22936,7187.1505,7241.07751,0,355.97158,24.20824,0.06427,35,105,5,5,95.219
TB,10/5/20,7,16312.23514,14942.54817,25355.70794,26074.65409,0,355.97158,24.20824,0.06427,35,105,4.4,4.4,95.219
TB,10/5/20,7,16526.05221,15137.94088,24472.64576,25143.06118,0,355.97158,24.20824,0.06427,35,105,4.4,4.4,95.219
TB,10/5/20,7,16309.11594,14939.82028,24908.01264,25613.60357,0,355.97158,24.20824,0.06427,35,105,4.4,4.4,95.219
TB,10/30/20,0,6030.01813,5643.8471,1638.89255,1639.89475,0,350.49536,18.02836,-0.24687,35,105,4.7,4.7,95.605
TB,10/30/20,0,5890.0702,5522.76993,1647.7436,1643.8613,0,350.49536,18.02836,-0.24687,35,105,4.7,4.7,95.605
TB,10/30/20,0,6147.67009,5755.56805,1706.19155,1701.38203,0,350.49536,18.02836,-0.24687,35,105,4.7,4.7,95.605
TB,10/30/20,3,4034.33914,3855.52902,1157.41419,1149.38845,0,350.49536,18.02836,-0.24687,35,105,4,4,95.605
TB,10/30/20,3,6247.33045,5833.05881,1798.68141,1795.27009,0,350.49536,18.02836,-0.24687,35,105,4,4,95.605
TB,10/30/20,3,6106.73161,5714.61566,1702.34091,1706.1274,0,350.49536,18.02836,-0.24687,35,105,4,4,95.605
TB,10/30/20,5,6455.6471,6018.79057,2387.27527,2382.96493,0,350.49536,18.02836,-0.24687,35,105,4,4,95.605
TB,10/30/20,5,6800.02841,6336.88199,3668.95835,3678.81555,0,350.49536,18.02836,-0.24687,35,105,4,4,95.605
TB,10/30/20,5,7158.15336,6660.08058,4139.40692,4154.12575,0,350.49536,18.02836,-0.24687,35,105,4,4,95.605
TB,10/30/20,7,14092.71399,12917.70377,18689.11468,19108.50229,0,350.49536,18.02836,-0.24687,35,105,4.1,4.1,95.605
TB,10/30/20,7,13673.04244,12526.15979,17015.53217,17361.57907,0,350.49536,18.02836,-0.24687,35,105,4.1,4.1,95.605
TB,10/30/20,7,13265.03156,12174.43137,16646.3219,16983.94058,0,350.49536,18.02836,-0.24687,35,105,4.1,4.1,95.605
TB,1/14/21,0,5654.96521,5294.93352,335.73964,324.99996,0,371.81449,26.41653,0.24163,35,105,1.8,1.8,94.232
TB,1/14/21,0,5474.3326,5140.73778,873.25195,863.22278,0,371.81449,26.41653,0.24163,35,105,1.8,1.8,94.232
TB,1/14/21,0,5295.81927,4990.89756,1044.1173,1058.57826,0,371.81449,26.41653,0.24163,35,105,1.8,1.8,94.232
TB,1/14/21,3,7425.31104,6893.59378,2005.41413,2004.81451,0,371.81449,26.41653,0.24163,35,105,4,4,94.232
TB,1/14/21,3,6991.3824,6512.04757,1085.03416,1083.59755,0,371.81449,26.41653,0.24163,35,105,4,4,94.232
TB,1/14/21,3,6870.60205,6396.33718,1084.3495,1082.205,0,371.81449,26.41653,0.24163,35,105,4,4,94.232
TB,1/14/21,5,8336.0622,7720.1284,4460.33469,4465.70645,0,371.81449,26.41653,0.24163,35,105,4.1,4.1,94.232
TB,1/14/21,5,8757.16223,8096.65074,6640.90463,6676.11327,0,371.81449,26.41653,0.24163,35,105,4.1,4.1,94.232
TB,1/14/21,5,7939.95704,7360.57509,3205.05793,3209.95158,0,371.81449,26.41653,0.24163,35,105,4.1,4.1,94.232
TB,1/14/21,7,15690.85356,14371.7163,28455.05252,29297.82373,0,371.81449,26.41653,0.24163,35,105,4.4,4.4,94.232
TB,1/14/21,7,14153.1906,12975.31803,25078.26953,25768.97547,0,371.81449,26.41653,0.24163,35,105,4.4,4.4,94.232
TB,1/14/21,7,13628.5698,12493.93793,25445.67508,26151.31964,0,371.81449,26.41653,0.24163,35,105,4.4,4.4,94.232