analysis_date,batch_id,sample_id,lake,date,depth,CO2_FID,concentrationCO2Gas,CH4_FID,concentrationCH4Gas,replicate_median,concentrationCO2Air,concentrationCH4Air,CO2_Flag_median,CH4_Flag_median,gasVolume,waterVolume,waterTemp,headspaceTemp,barometricPressure
1/15/21 14:20,SSB,SSB_2020-05-04_0_A,SSB,5/4/20,0,4037.75796,3833.55643,1524.60009,1520.88846,2,400.06544,34.99834,NA,NA,25,115,14.1,14.1,96.285
1/15/21 14:35,SSB,SSB_2020-05-04_0_B,SSB,5/4/20,0,2468.32521,2429.60305,1279.99809,1277.06007,2,400.06544,34.99834,NA,NA,25,115,14.1,14.1,96.285
1/15/21 14:50,SSB,SSB_2020-05-04_0_C,SSB,5/4/20,0,3253.041585,3131.57974,1457.28154,1449.82474,2,400.06544,34.99834,NA,NA,25,115,14.1,14.1,96.285
1/15/21 15:05,SSB,SSB_2020-05-04_3_A,SSB,5/4/20,3,9662.42024,8903.69241,5432.832,5453.47989,2,400.06544,34.99834,NA,NA,25,115,4.1,4.1,96.285
1/15/21 15:20,SSB,SSB_2020-05-04_3_B,SSB,5/4/20,3,9123.85628,8426.56218,5502.64184,5527.67901,2,400.06544,34.99834,NA,NA,25,115,4.1,4.1,96.285
1/15/21 15:35,SSB,SSB_2020-05-04_3_C,SSB,5/4/20,3,9295.57873,8582.22262,5423.56526,5440.2872,2,400.06544,34.99834,NA,NA,25,115,4.1,4.1,96.285
1/15/21 15:50,SSB,SSB_2020-05-04_5_A,SSB,5/4/20,5,12121.11105,11134.93084,14742.30784,15004.40989,2,400.06544,34.99834,NA,NA,25,115,4.1,4.1,96.285
1/15/21 16:05,SSB,SSB_2020-05-04_5_B,SSB,5/4/20,5,12170.79909,11170.6493,14874.08861,15131.9193,2,400.06544,34.99834,NA,NA,25,115,4.1,4.1,96.285
1/15/21 16:20,SSB,SSB_2020-05-04_5_C,SSB,5/4/20,5,11956.31583,10976.69813,15301.35707,15581.11963,2,400.06544,34.99834,NA,NA,25,115,4.1,4.1,96.285
1/15/21 16:35,SSB,SSB_2020-05-04_7_A,SSB,5/4/20,7,19823.94206,18114.81678,35929.02181,37101.52335,2,400.06544,34.99834,NA,NA,25,115,4.2,4.2,96.285
1/15/21 16:50,SSB,SSB_2020-05-04_7_B,SSB,5/4/20,7,19580.10639,17895.29281,34787.92435,35912.31173,2,400.06544,34.99834,NA,NA,25,115,4.2,4.2,96.285
1/15/21 17:05,SSB,SSB_2020-05-04_7_C,SSB,5/4/20,7,18647.84681,17043.66199,35041.07087,36171.20277,2,400.06544,34.99834,NA,NA,25,115,4.2,4.2,96.285
1/15/21 18:05,SSB,TB_2020-05-04_0_A,TB,5/4/20,0,6073.87095,5674.49131,1896.39783,1893.63491,2,356.45198,11.61964,NA,NA,25,115,11.7,11.7,96.579
1/15/21 18:20,SSB,TB_2020-05-04_0_B,TB,5/4/20,0,6281.54324,5872.03252,1999.98777,2014.03087,2,356.45198,11.61964,NA,NA,25,115,11.7,11.7,96.579
1/15/21 18:35,SSB,TB_2020-05-04_0_C,TB,5/4/20,0,5985.0247,5611.30142,1860.77163,2054.16861,2,356.45198,11.61964,NA,NA,25,115,11.7,11.7,96.579
1/15/21 18:50,SSB,TB_2020-05-04_3_A,TB,5/4/20,3,8522.22863,7881.05446,3922.37926,3945.49129,2,356.45198,11.61964,NA,NA,25,115,3.9,3.9,96.579
1/15/21 19:05,SSB,TB_2020-05-04_3_B,TB,5/4/20,3,8377.57589,7746.75351,3915.45993,4194.80187,2,356.45198,11.61964,NA,NA,25,115,3.9,3.9,96.579
1/15/21 19:20,SSB,TB_2020-05-04_3_C,TB,5/4/20,3,8374.27272,7751.05986,3737.05595,3943.73637,2,356.45198,11.61964,NA,NA,25,115,3.9,3.9,96.579
1/15/21 19:35,SSB,TB_2020-05-04_5_A,TB,5/4/20,5,8876.30494,8202.58438,4718.38372,4920.77781,2,356.45198,11.61964,NA,NA,25,115,3.8,3.8,96.579
1/15/21 19:50,SSB,TB_2020-05-04_5_B,TB,5/4/20,5,8761.55879,8098.37669,4707.26279,4753.04783,2,356.45198,11.61964,NA,NA,25,115,3.8,3.8,96.579
1/15/21 20:06,SSB,TB_2020-05-04_5_C,TB,5/4/20,5,8818.931865,8150.480535,4712.823255,4836.91282,2,356.45198,11.61964,NA,NA,25,115,3.8,3.8,96.579
1/15/21 20:21,SSB,TB_2020-05-04_7_A,TB,5/4/20,7,10926.36185,10062.94517,10809.97457,10958.43297,2,356.45198,11.61964,NA,NA,25,115,4,4,96.579
1/15/21 20:36,SSB,TB_2020-05-04_7_B,TB,5/4/20,7,11025.07514,10139.13456,10814.7399,10951.66062,2,356.45198,11.61964,NA,NA,25,115,4,4,96.579
1/15/21 20:51,SSB,TB_2020-05-04_7_C,TB,5/4/20,7,10577.96983,9742.8763,9351.42252,9456.31827,2,356.45198,11.61964,NA,NA,25,115,4,4,96.579
1/17/21 14:20,SSB,TB_2020-06-05_0_A,TB,6/5/20,0,1439.87738,1514.70717,19.64019,-1.21545,NA,NA,NA,NA,NA,35,105,20,20,95.165
1/17/21 14:35,SSB,TB_2020-06-05_0_B,TB,6/5/20,0,1438.9361,1511.39097,22.6535,2.70911,NA,NA,NA,NA,NA,35,105,20,20,95.165
1/19/21 9:45,SSB,TB_2020-06-05_0_A,TB,6/5/20,0,1436.65415,1507.54576,20.7592,-0.75817,NA,NA,NA,NA,NA,35,105,4.1,4.1,95.165
1/19/21 2:14,SSB,TB_2020-06-05_3_B,TB,6/5/20,3,10220.18472,9458.59211,4643.69726,4688.99632,NA,NA,NA,NA,NA,35,105,4,4,95.165
1/19/21 4:44,SSB,TB_2020-06-05_3_A,TB,6/5/20,3,10247.48693,9478.92285,4895.96388,4939.43083,NA,NA,NA,NA,NA,35,105,4.1,4.1,95.165
1/19/21 7:14,SSB,TB_2020-06-05_3_C,TB,6/5/20,3,10286.42502,9525.00394,4710.13481,4758.72846,NA,NA,NA,NA,NA,35,105,4.1,4.1,95.165
1/18/21 18:43,SSB,TB_2020-06-05_5_B,TB,6/5/20,5,10737.51952,9914.25478,6742.71371,6821.16845,NA,NA,NA,NA,NA,35,105,4.5,4.5,95.165
1/18/21 21:13,SSB,TB_2020-06-05_5_A,TB,6/5/20,5,10655.85763,9851.77469,6443.65955,6517.50072,NA,NA,NA,NA,NA,35,105,4,4,95.165
1/18/21 23:43,SSB,TB_2020-06-05_5_C,TB,6/5/20,5,10634.89544,9825.89027,6425.75836,6496.90066,NA,NA,NA,NA,NA,35,105,4,4,95.165
1/18/21 15:57,SSB,TB_2020-06-05_7_A,TB,6/5/20,7,14443.79019,13276.55134,14657.8719,14945.98035,NA,NA,NA,NA,NA,35,105,20,20,95.165
1/18/21 16:13,SSB,TB_2020-06-05_7_C,TB,6/5/20,7,14406.82453,13237.3635,13382.43592,13607.88619,NA,NA,NA,NA,NA,35,105,4.5,4.5,95.165
1/18/21 18:28,SSB,TB_2020-06-05_7_B,TB,6/5/20,7,14400.81479,13233.35334,13838.18094,14304.66806,NA,NA,NA,NA,NA,35,105,4.5,4.5,95.165
1/19/21 4:29,SSB,TB_2020-06-11_0_C,TB,6/11/20,0,1867.31684,1901.08792,98.10038,84.57903,2,410.52435,36.13065,NA,NA,35,105,17.7,17.7,95.059
1/19/21 6:59,SSB,TB_2020-06-11_0_A,TB,6/11/20,0,2011.72542,2032.80685,76.40781,64.38276,2,410.52435,36.13065,NA,NA,35,105,17.7,17.7,95.059
1/19/21 9:30,SSB,TB_2020-06-11_0_B,TB,6/11/20,0,1986.43769,2007.88657,71.33266,57.33086,2,410.52435,36.13065,NA,NA,35,105,17.7,17.7,95.059
1/19/21 12:01,SSB,TB_2020-06-11_3_C,TB,6/11/20,3,10204.36054,9448.71054,4763.03638,4943.37553,2,410.52435,36.13065,NA,NA,35,105,4.5,4.5,95.059
1/19/21 12:16,SSB,TB_2020-06-11_3_B,TB,6/11/20,3,9511.37866,8820.08524,4552.77166,4609.9115,2,410.52435,36.13065,NA,NA,35,105,4.5,4.5,95.059
1/19/21 14:16,SSB,TB_2020-06-11_3_A,TB,6/11/20,3,10016.07228,9276.80956,4496.85521,4558.20369,2,410.52435,36.13065,NA,NA,35,105,4.5,4.5,95.059
1/19/21 6:44,SSB,TB_2020-06-11_5_B,TB,6/11/20,5,10280.21715,9495.55953,5916.35538,6143.96855,2,410.52435,36.13065,NA,NA,35,105,4,4,95.059
1/19/21 9:15,SSB,TB_2020-06-11_5_C,TB,6/11/20,5,10308.43183,9544.46479,6389.36601,6554.05844,2,410.52435,36.13065,NA,NA,35,105,4,4,95.059
1/19/21 11:46,SSB,TB_2020-06-11_5_A,TB,6/11/20,5,10371.51489,9600.55421,6454.34365,6538.95322,2,410.52435,36.13065,NA,NA,35,105,4,4,95.059
1/18/21 23:13,SSB,TB_2020-06-11_7_B,TB,6/11/20,7,12735.94383,11731.93113,12808.78911,13080.3764,2,410.52435,36.13065,NA,NA,35,105,4.1,4.1,95.059
1/19/21 1:44,SSB,TB_2020-06-11_7_C,TB,6/11/20,7,12918.88439,11898.95897,13233.08971,13669.24233,2,410.52435,36.13065,NA,NA,35,105,4.1,4.1,95.059
1/19/21 4:14,SSB,TB_2020-06-11_7_A,TB,6/11/20,7,13014.68031,11988.93973,13128.689,13461.32974,2,410.52435,36.13065,NA,NA,35,105,4.1,4.1,95.059
1/19/21 9:00,SSB,SSB_2020-06-18_0_C,SSB,6/18/20,0,1566.45808,1622.83685,40.90342,22.79495,2,356.22733,6.53984,NA,NA,35,105,26,26,95.565
1/19/21 11:30,SSB,SSB_2020-06-18_0_B,SSB,6/18/20,0,1642.24611,1697.91582,128.51526,116.64505,2,356.22733,6.53984,NA,NA,35,105,26,26,95.565
1/19/21 14:01,SSB,SSB_2020-06-18_0_A,SSB,6/18/20,0,1456.48634,1532.92557,78.62254,64.08826,2,356.22733,6.53984,NA,NA,35,105,26,26,95.565
1/19/21 1:29,SSB,SSB_2020-06-18_3_C,SSB,6/18/20,3,12958.83214,11936.64432,8491.39924,8616.39834,2,356.22733,6.53984,NA,NA,35,105,5.1,0.2,95.565
1/19/21 3:59,SSB,SSB_2020-06-18_3_B,SSB,6/18/20,3,12863.30435,11849.96798,7916.83091,8025.99492,2,356.22733,6.53984,NA,NA,35,105,5.1,0.2,95.565
1/19/21 6:29,SSB,SSB_2020-06-18_3_A,SSB,6/18/20,3,12814.81211,11800.92864,7755.08816,7863.82535,2,356.22733,6.53984,NA,NA,35,105,5.1,0.2,95.565
1/18/21 17:58,SSB,SSB_2020-06-18_5_C,SSB,6/18/20,5,13809.8713,12702.40368,13186.39979,13483.73822,2,356.22733,6.53984,NA,NA,35,105,4.6,0.2,95.565
1/18/21 20:28,SSB,SSB_2020-06-18_5_B,SSB,6/18/20,5,13560.49748,12484.29973,12421.61694,12815.48836,2,356.22733,6.53984,NA,NA,35,105,4.6,0.2,95.565
1/18/21 22:58,SSB,SSB_2020-06-18_5_A,SSB,6/18/20,5,14273.82565,13125.86927,14940.52642,15432.78353,2,356.22733,6.53984,NA,NA,35,105,4.6,0.2,95.565
1/19/21 3:29,SSB,TB_2020-06-18_0_C,TB,6/18/20,0,1431.43072,1498.82783,20.8583,2.22767,2,362.32831,6.89464,NA,NA,35,105,23.8,23.8,95.659
1/19/21 5:59,SSB,TB_2020-06-18_0_B,TB,6/18/20,0,1395.45499,1475.99958,20.98253,2.83105,2,362.32831,6.89464,NA,NA,35,105,23.8,23.8,95.659
1/19/21 8:30,SSB,TB_2020-06-18_0_A,TB,6/18/20,0,1399.17177,1479.20324,18.64091,1.47187,2,362.32831,6.89464,NA,NA,35,105,23.8,23.8,95.659
1/19/21 11:00,SSB,TB_2020-06-18_3_A,TB,6/18/20,3,11354.6206,10498.34576,4882.26839,4974.61901,2,362.32831,6.89464,NA,NA,35,105,4.8,4.8,95.659
1/19/21 13:31,SSB,TB_2020-06-18_3_B,TB,6/18/20,3,11128.08962,10283.80017,4927.48738,5009.36717,2,362.32831,6.89464,NA,NA,35,105,4.8,4.8,95.659
1/19/21 13:46,SSB,TB_2020-06-18_3_C,TB,6/18/20,3,10911.44451,10086.63559,4524.9157,4565.73991,2,362.32831,6.89464,NA,NA,35,105,4.8,4.8,95.659
1/19/21 6:14,SSB,TB_2020-06-18_5_C,TB,6/18/20,5,11163.70735,10311.39633,5932.52927,5997.28498,2,362.32831,6.89464,NA,NA,35,105,4,4,95.659
1/19/21 8:45,SSB,TB_2020-06-18_5_B,TB,6/18/20,5,11075.88436,10237.26687,5858.23628,5929.23069,2,362.32831,6.89464,NA,NA,35,105,4,4,95.659
1/19/21 11:15,SSB,TB_2020-06-18_5_A,TB,6/18/20,5,11143.65824,10304.81552,5753.31864,5817.87565,2,362.32831,6.89464,NA,NA,35,105,4,4,95.659
1/18/21 22:43,SSB,TB_2020-06-18_7_C,TB,6/18/20,7,15595.00428,14321.37559,17093.13543,17494.01618,2,362.32831,6.89464,NA,NA,35,105,4.1,4.1,95.659
1/19/21 1:13,SSB,TB_2020-06-18_7_B,TB,6/18/20,7,15669.54518,14398.5986,16397.9071,16787.04989,2,362.32831,6.89464,NA,NA,35,105,4.1,4.1,95.659
1/19/21 3:44,SSB,TB_2020-06-18_7_A,TB,6/18/20,7,15382.84483,14142.8483,16924.40196,17332.94065,2,362.32831,6.89464,NA,NA,35,105,4.1,4.1,95.659
1/17/21 20:05,SSB,TB_2020-06-24_0_B,TB,6/24/20,0,2493.60723,2467.65528,49.44501,31.57474,2,364.57714,6.07929,NA,NA,35,105,22.6,0.2,95.005
1/17/21 22:35,SSB,TB_2020-06-24_0_C,TB,6/24/20,0,2498.17179,2467.22989,50.63144,31.88534,2,364.57714,6.07929,NA,NA,35,105,22.6,0.2,95.005
1/18/21 1:05,SSB,TB_2020-06-24_0_A,TB,6/24/20,0,2540.5277,2512.09208,54.79244,40.94295,2,364.57714,6.07929,NA,NA,35,105,22.6,0.2,95.005
1/17/21 11:53,SSB,TB_2020-06-24_3_B,TB,6/24/20,3,10460.43201,9649.52205,4565.74012,4589.07445,2,364.57714,6.07929,NA,NA,35,105,5.4,0.2,95.005
1/17/21 15:05,SSB,TB_2020-06-24_3_A,TB,6/24/20,3,10563.40438,9747.28869,4652.92449,4685.10857,2,364.57714,6.07929,NA,NA,35,105,5.4,0.2,95.005
1/17/21 17:35,SSB,TB_2020-06-24_3_C,TB,6/24/20,3,10701.63888,9867.05231,4776.87721,4832.99372,2,364.57714,6.07929,NA,NA,35,105,5.4,0.2,95.005
1/17/21 12:50,SSB,TB_2020-06-24_5_B,TB,6/24/20,5,10923.3526,10077.4236,5958.77536,6003.8031,2,364.57714,6.07929,NA,NA,35,105,4.1,0.2,95.005
1/17/21 15:20,SSB,TB_2020-06-24_5_C,TB,6/24/20,5,10768.47921,9932.74824,5978.54082,6025.73187,2,364.57714,6.07929,NA,NA,35,105,4.1,0.2,95.005
1/17/21 17:50,SSB,TB_2020-06-24_5_A,TB,6/24/20,5,10868.80071,10017.41503,6030.29245,6085.17836,2,364.57714,6.07929,NA,NA,35,105,4.1,0.2,95.005
1/18/21 3:51,SSB,TB_2020-06-24_7_B,TB,6/24/20,7,15888.86776,14565.80521,20965.19567,21517.43507,2,364.57714,6.07929,NA,NA,35,105,4.1,0.2,95.005
1/18/21 6:21,SSB,TB_2020-06-24_7_A,TB,6/24/20,7,15836.10281,14522.69213,19790.68323,20429.92555,2,364.57714,6.07929,NA,NA,35,105,4.1,0.2,95.005
1/18/21 8:51,SSB,TB_2020-06-24_7_C,TB,6/24/20,7,15816.85912,14505.25951,19272.65715,19807.24328,2,364.57714,6.07929,NA,NA,35,105,4.1,0.2,95.005
1/17/21 15:35,SSB,SSB_2020-06-25_0_C,SSB,6/25/20,0,2086.32168,2091.98089,60.98894,44.38147,2,369.98432,51.39191,NA,NA,35,105,23.3,23.3,95.352
1/18/21 4:21,SSB,SSB_2020-06-25_0_B,SSB,6/25/20,0,2429.52232,2408.20578,92.51432,77.59616,2,369.98432,51.39191,NA,NA,35,105,23.3,23.3,95.352
1/18/21 6:51,SSB,SSB_2020-06-25_0_A,SSB,6/25/20,0,2410.42238,2390.37661,215.00246,200.46834,2,369.98432,51.39191,NA,NA,35,105,23.3,23.3,95.352
1/17/21 18:05,SSB,SSB_2020-06-25_3_C,SSB,6/25/20,3,12573.39974,11562.70441,8209.97323,8306.28382,2,369.98432,51.39191,NA,NA,35,105,5.3,5.3,95.352
1/17/21 20:35,SSB,SSB_2020-06-25_3_A,SSB,6/25/20,3,12150.3453,11178.91421,7344.31696,7416.71413,2,369.98432,51.39191,NA,NA,35,105,5.3,5.3,95.352
1/18/21 9:21,SSB,SSB_2020-06-25_3_B,SSB,6/25/20,3,12295.79616,11323.97881,7796.19774,7877.52479,2,369.98432,51.39191,NA,NA,35,105,5.3,5.3,95.352
1/17/21 13:05,SSB,SSB_2020-06-25_5_A,SSB,6/25/20,5,12948.23469,11892.72636,10630.27645,10776.97134,2,369.98432,51.39191,NA,NA,35,105,4.4,4.4,95.352
1/18/21 4:06,SSB,SSB_2020-06-25_5_C,SSB,6/25/20,5,12739.03373,11707.75966,10870.57131,11030.81216,2,369.98432,51.39191,NA,NA,35,105,4.4,4.4,95.352
1/18/21 11:36,SSB,SSB_2020-06-25_5_B,SSB,6/25/20,5,11960.92984,11019.60888,11117.24041,11315.96262,2,369.98432,51.39191,NA,NA,35,105,4.4,4.4,95.352
1/17/21 23:05,SSB,SSB_2020-06-25_7_C,SSB,6/25/20,7,19736.9751,18073.29638,38628.94705,39962.02684,2,369.98432,51.39191,NA,NA,35,105,4.4,4.4,95.352
1/18/21 1:35,SSB,SSB_2020-06-25_7_A,SSB,6/25/20,7,19767.33257,18093.9351,38771.26041,40110.49811,2,369.98432,51.39191,NA,NA,35,105,4.4,4.4,95.352
1/18/21 6:36,SSB,SSB_2020-06-25_7_B,SSB,6/25/20,7,19793.21237,18124.6049,35765.12938,37167.5334,2,369.98432,51.39191,NA,NA,35,105,4.4,4.4,95.352
1/18/21 4:36,SSB,TB_2020-06-30_0_B,TB,6/30/20,0,1355.22864,1430.67258,43.01532,31.53965,2,380.6683,7.91158,NA,NA,35,105,33.2,33.2,95.379
1/18/21 7:06,SSB,TB_2020-06-30_0_A,TB,6/30/20,0,1318.36455,1392.60978,50.17148,33.55629,2,380.6683,7.91158,NA,NA,35,105,33.2,33.2,95.379
1/18/21 9:36,SSB,TB_2020-06-30_0_C,TB,6/30/20,0,1346.18151,1419.5002,50.67129,30.01366,2,380.6683,7.91158,NA,NA,35,105,33.2,33.2,95.379
1/18/21 9:51,SSB,TB_2020-06-30_3_C,TB,6/30/20,3,11925.63909,10980.60509,5207.66546,5269.39767,2,380.6683,7.91158,NA,NA,35,105,5,5,95.379
1/18/21 12:06,SSB,TB_2020-06-30_3_A,TB,6/30/20,3,11719.32768,10795.83219,5054.88921,5102.8835,2,380.6683,7.91158,NA,NA,35,105,5,5,95.379
1/18/21 12:21,SSB,TB_2020-06-30_3_B,TB,6/30/20,3,11835.66306,10899.10011,5273.2463,5332.84235,2,380.6683,7.91158,NA,NA,35,105,5,5,95.379
1/18/21 2:20,SSB,TB_2020-06-30_5_C,TB,6/30/20,5,11722.10108,10793.54474,6024.36617,6274.90785,2,380.6683,7.91158,NA,NA,35,105,4.2,4.2,95.379
1/18/21 4:51,SSB,TB_2020-06-30_5_B,TB,6/30/20,5,10862.55419,10010.76556,6076.41318,6297.62234,2,380.6683,7.91158,NA,NA,35,105,4.2,4.2,95.379
1/18/21 7:21,SSB,TB_2020-06-30_5_A,TB,6/30/20,5,11118.90493,10247.57221,5933.00298,6013.4198,2,380.6683,7.91158,NA,NA,35,105,4.2,4.2,95.379
1/17/21 18:50,SSB,TB_2020-06-30_7_B,TB,6/30/20,7,16560.12622,15181.28311,18510.46714,19337.19313,2,380.6683,7.91158,NA,NA,35,105,4.2,4.2,95.379
1/17/21 21:20,SSB,TB_2020-06-30_7_A,TB,6/30/20,7,16982.361,15582.78586,21572.96982,22144.69935,2,380.6683,7.91158,NA,NA,35,105,4.2,4.2,95.379
1/17/21 23:50,SSB,TB_2020-06-30_7_C,TB,6/30/20,7,16606.87551,15233.86293,18894.22495,19360.46625,2,380.6683,7.91158,NA,NA,35,105,4.2,4.2,95.379
1/18/21 0:20,SSB,SSB_2020-07-02_0_B,SSB,7/2/20,0,1750.91293,1793.65667,61.5404,117.86562,2,393.43812,55.75334,NA,NA,35,105,28.3,28.3,95.899
1/18/21 10:06,SSB,SSB_2020-07-02_0_A,SSB,7/2/20,0,1704.5474,1744.48244,39.33468,24.90362,2,393.43812,55.75334,NA,NA,35,105,28.3,28.3,95.899
1/18/21 10:21,SSB,SSB_2020-07-02_0_C,SSB,7/2/20,0,1738.18861,1781.666,83.74612,210.82762,2,393.43812,55.75334,NA,NA,35,105,28.3,28.3,95.899
1/18/21 2:35,SSB,SSB_2020-07-02_3_A,SSB,7/2/20,3,14236.44602,13075.50621,11284.94981,11660.87017,2,393.43812,55.75334,NA,NA,35,105,6.1,6.1,95.899
1/18/21 5:21,SSB,SSB_2020-07-02_3_C,SSB,7/2/20,3,14194.34188,13040.00756,10714.24804,11043.55505,2,393.43812,55.75334,NA,NA,35,105,6.1,6.1,95.899
1/18/21 7:51,SSB,SSB_2020-07-02_3_B,SSB,7/2/20,3,14150.31459,12989.91063,10277.19169,10590.50839,2,393.43812,55.75334,NA,NA,35,105,6.1,6.1,95.899
1/17/21 21:35,SSB,SSB_2020-07-02_5_B,SSB,7/2/20,5,14031.81825,12891.84291,12144.66552,12435.29428,2,393.43812,55.75334,NA,NA,35,105,4.5,4.5,95.899
1/18/21 2:50,SSB,SSB_2020-07-02_5_C,SSB,7/2/20,5,14387.5066,13203.70132,12544.8136,12955.10622,2,393.43812,55.75334,NA,NA,35,105,4.5,4.5,95.899
1/18/21 5:06,SSB,SSB_2020-07-02_5_A,SSB,7/2/20,5,14132.49503,12975.64469,11957.06227,12306.28245,2,393.43812,55.75334,NA,NA,35,105,4.5,4.5,95.899
1/18/21 0:05,SSB,SSB_2020-07-02_7_B,SSB,7/2/20,7,20278.43705,18578.49326,34917.94093,36314.2787,2,393.43812,55.75334,NA,NA,35,105,4.4,4.4,95.899
1/18/21 12:36,SSB,SSB_2020-07-02_7_C,SSB,7/2/20,7,17827.29763,16336.33273,32587.95998,33897.68489,2,393.43812,55.75334,NA,NA,35,105,4.4,4.4,95.899
1/18/21 12:51,SSB,SSB_2020-07-02_7_A,SSB,7/2/20,7,20434.89754,18730.08462,35480.92682,36889.24215,2,393.43812,55.75334,NA,NA,35,105,4.4,4.4,95.899
1/17/21 10:37,SSB,TB_2020-07-07_0_C,TB,7/7/20,0,1689.33043,1733.62778,58.93479,43.59978,2,399.92279,27.7515,NA,NA,35,105,32,32,95.485
1/19/21 18:21,SSB,TB_2020-07-07_0_B,TB,7/7/20,0,1712.17572,1770.86092,84.4217,64.18834,2,399.92279,27.7515,NA,NA,35,105,32,32,95.485
1/19/21 20:52,SSB,TB_2020-07-07_0_A,TB,7/7/20,0,1781.48541,1820.34881,58.93479,43.59978,2,399.92279,27.7515,NA,NA,35,105,32,32,95.485
1/19/21 23:23,SSB,TB_2020-07-07_3_A,TB,7/7/20,3,11754.49033,10850.67428,5238.06253,5304.83319,2,399.92279,27.7515,NA,NA,35,105,5.6,5.6,95.485
1/20/21 1:39,SSB,TB_2020-07-07_3_C,TB,7/7/20,3,11683.31301,10796.27506,5195.14817,5259.81088,2,399.92279,27.7515,NA,NA,35,105,5.6,5.6,95.485
1/20/21 4:10,SSB,TB_2020-07-07_3_B,TB,7/7/20,3,11546.76864,10669.75471,4986.02602,5044.41098,2,399.92279,27.7515,NA,NA,35,105,5.6,5.6,95.485
1/20/21 6:41,SSB,TB_2020-07-07_5_A,TB,7/7/20,5,11746.77961,10837.10881,6939.01502,7023.06506,2,399.92279,27.7515,NA,NA,35,105,4.4,4.4,95.485
1/20/21 9:12,SSB,TB_2020-07-07_5_C,TB,7/7/20,5,11701.50144,10796.01422,7258.3083,7374.0927,2,399.92279,27.7515,NA,NA,35,105,4.4,4.4,95.485
1/20/21 11:43,SSB,TB_2020-07-07_5_B,TB,7/7/20,5,11680.93693,10751.52744,6751.34959,6952.94869,2,399.92279,27.7515,NA,NA,35,105,4.4,4.4,95.485
1/20/21 11:58,SSB,TB_2020-07-07_7_B,TB,7/7/20,7,17283.10535,15839.64373,19621.39106,20157.25857,2,399.92279,27.7515,NA,NA,35,105,4.4,4.4,95.485
1/20/21 14:14,SSB,TB_2020-07-07_7_C,TB,7/7/20,7,16857.65903,15443.31518,18832.69572,19265.67052,2,399.92279,27.7515,NA,NA,35,105,4.4,4.4,95.485
1/20/21 14:29,SSB,TB_2020-07-07_7_A,TB,7/7/20,7,16708.90421,15313.70778,19169.86428,19630.67772,2,399.92279,27.7515,NA,NA,35,105,4.4,4.4,95.485
1/19/21 14:31,SSB,SSB_2020-07-11_0_A,SSB,7/11/20,0,1726.786,1777.39825,84.4547,71.36103,2,391.30247,42.34606,NA,NA,35,105,27,27,95.285
1/19/21 16:21,SSB,SSB_2020-07-11_0_C,SSB,7/11/20,0,1959.52106,1987.00652,82.89985,66.44886,2,391.30247,42.34606,NA,NA,35,105,27,27,95.285
1/20/21 14:44,SSB,SSB_2020-07-11_0_B,SSB,7/11/20,0,1671.94098,1716.37394,137.8905,127.30401,2,391.30247,42.34606,NA,NA,35,105,27,27,95.285
1/17/21 10:52,SSB,SSB_2020-07-11_3_C,SSB,7/11/20,3,14159.50764,12989.05415,10680.49913,10826.24147,2,391.30247,42.34606,NA,NA,35,105,6.1,6.1,95.285
1/19/21 21:07,SSB,SSB_2020-07-11_3_A,SSB,7/11/20,3,13520.23773,12468.45168,10498.63287,10697.62423,2,391.30247,42.34606,NA,NA,35,105,6.1,6.1,95.285
1/20/21 1:54,SSB,SSB_2020-07-11_3_B,SSB,7/11/20,3,12481.52727,11525.62119,9546.95199,9713.64478,2,391.30247,42.34606,NA,NA,35,105,6.1,6.1,95.285
1/19/21 18:52,SSB,SSB_2020-7-11_5_A,SSB,7/11/20,5,14572.05099,13416.41817,13590.95898,13872.6471,2,391.30247,42.34606,NA,NA,35,105,4.5,4.5,95.285
1/20/21 9:42,SSB,SSB_2020-07-11_5_C,SSB,7/11/20,5,14261.01087,13114.48359,13220.58326,13549.96224,2,391.30247,42.34606,NA,NA,35,105,4.5,4.5,95.285
1/20/21 12:13,SSB,SSB_2020-07-11_5_B,SSB,7/11/20,5,14374.31026,13182.16184,13800.05455,14176.59208,2,391.30247,42.34606,NA,NA,35,105,4.5,4.5,95.285
1/19/21 14:46,SSB,SSB_2020-07-11_7_A,SSB,7/11/20,7,22486.17214,20655.6481,47008.09498,48839.03842,2,391.30247,42.34606,NA,NA,35,105,4.4,4.4,95.285
1/19/21 18:36,SSB,SSB_2020-07-11_7_C,SSB,7/11/20,7,22279.29473,20477.26058,45273.82794,46936.56845,2,391.30247,42.34606,NA,NA,35,105,4.4,4.4,95.285
1/20/21 4:40,SSB,SSB_2020-07-11_7_B,SSB,7/11/20,7,22312.41223,20487.48791,45949.27187,48095.52764,2,391.30247,42.34606,NA,NA,35,105,4.4,4.4,95.285
1/19/21 19:52,SSB,SSB_2020-07-16_0_B,SSB,7/16/20,0,2353.37618,2348.16958,92.64413,76.79088,2,391.7281,138.65702,NA,NA,35,105,26.6,26.6,95.645
1/20/21 5:40,SSB,SSB_2020-07-16_0_A,SSB,7/16/20,0,1502.57948,1569.10477,55.79824,135.156,2,391.7281,138.65702,NA,NA,35,105,26.6,26.6,95.645
1/20/21 13:14,SSB,SSB_2020-07-16_0_C,SSB,7/16/20,0,1686.47343,1737.37507,127.27264,203.92757,2,391.7281,138.65702,NA,NA,35,105,26.6,26.6,95.645
1/19/21 17:06,SSB,SSB_2020-07-16_3_B,SSB,7/16/20,3,8259.948945,7677.564635,6129.233255,6260.25359,2,391.7281,138.65702,NA,NA,35,105,6.5,6.5,95.645
1/20/21 3:09,SSB,SSB_2020-07-16_3_C,SSB,7/16/20,3,8159.50372,7601.43213,6029.88565,6116.04912,2,391.7281,138.65702,NA,NA,35,105,6.5,6.5,95.645
1/20/21 10:42,SSB,SSB_2020-07-16_3_A,SSB,7/16/20,3,8360.39417,7753.69714,6228.58086,6404.45806,2,391.7281,138.65702,NA,NA,35,105,6.5,6.5,95.645
1/20/21 8:11,SSB,SSB_2020-07-16_5_B,SSB,7/16/20,5,13519.73945,12438.4222,12538.47964,12871.30134,2,391.7281,138.65702,NA,NA,35,105,4.6,4.6,95.645
1/20/21 15:45,SSB,SSB_2020-07-16_5_C,SSB,7/16/20,5,13730.27422,12620.02496,12657.72883,12947.60826,2,391.7281,138.65702,NA,NA,35,105,4.6,4.6,95.645
1/20/21 16:00,SSB,SSB_2020-07-16_5_A,SSB,7/16/20,5,13940.80898,12801.62772,12776.97801,13023.91517,2,391.7281,138.65702,NA,NA,35,105,4.6,4.6,95.645
1/19/21 22:08,SSB,SSB_2020-07-16_7_A,SSB,7/16/20,7,21667.57775,19896.46101,44444.31695,46205.96966,2,391.7281,138.65702,NA,NA,35,105,4.4,4.4,95.645
1/19/21 23:38,SSB,SSB_2020-07-16_7_C,SSB,7/16/20,7,21510.42746,19758.21816,42647.11967,44252.85887,2,391.7281,138.65702,NA,NA,35,105,4.4,4.4,95.645
1/20/21 0:38,SSB,SSB_2020-07-16_7_B,SSB,7/16/20,7,21627.46334,19871.21285,43447.92103,45206.92871,2,391.7281,138.65702,NA,NA,35,105,4.4,4.4,95.645
1/19/21 21:52,SSB,TB_2020-07-16_0_B,TB,7/16/20,0,3025.92236,2967.60767,59.91724,56.31966,2,339.44256,21.26906,NA,NA,35,105,23.4,23.4,95.765
1/20/21 0:08,SSB,TB_2020-07-16_0_A,TB,7/16/20,0,2953.75391,2888.90533,85.92181,189.9273,2,339.44256,21.26906,NA,NA,35,105,23.4,23.4,95.765
1/20/21 2:39,SSB,TB_2020-07-16_0_C,TB,7/16/20,0,3023.47295,2955.52884,59.52512,59.08554,2,339.44256,21.26906,NA,NA,35,105,23.4,23.4,95.765
1/20/21 5:10,SSB,TB_2020-07-16_3_A,TB,7/16/20,3,11357.52732,10485.27841,4852.5268,5001.10793,2,339.44256,21.26906,NA,NA,35,105,5.6,5.6,95.765
1/20/21 7:41,SSB,TB_2020-07-16_3_C,TB,7/16/20,3,11393.58249,10510.29905,5013.04807,5181.83274,2,339.44256,21.26906,NA,NA,35,105,5.6,5.6,95.765
1/20/21 10:12,SSB,TB_2020-07-16_3_B,TB,7/16/20,3,11433.07181,10535.49358,4962.20984,5056.5361,2,339.44256,21.26906,NA,NA,35,105,5.6,5.6,95.765
1/20/21 12:43,SSB,TB_2020-07-16_5_B,TB,7/16/20,5,11097.27934,10227.32883,6384.59296,6815.23822,2,339.44256,21.26906,NA,NA,35,105,4.1,4.1,95.765
1/20/21 15:15,SSB,TB_2020-07-16_5_A,TB,7/16/20,5,11097.65013,10217.75401,6406.8536,6576.77983,2,339.44256,21.26906,NA,NA,35,105,4.1,4.1,95.765
1/20/21 15:30,SSB,TB_2020-07-16_5_C,TB,7/16/20,5,10921.01008,10056.88483,6002.36572,6145.27079,2,339.44256,21.26906,NA,NA,35,105,4.1,4.1,95.765
1/20/21 7:56,SSB,TB_2020-07-16_7_B,TB,7/16/20,7,15529.20059,14275.03732,18150.72401,18724.45209,2,339.44256,21.26906,NA,NA,35,105,4.2,4.2,95.765
1/20/21 10:27,SSB,TB_2020-07-16_7_A,TB,7/16/20,7,15703.65708,14421.07743,17832.9464,18414.70684,2,339.44256,21.26906,NA,NA,35,105,4.2,4.2,95.765
1/20/21 12:58,SSB,TB_2020-07-16_7_C,TB,7/16/20,7,15432.69046,14160.90784,17095.64242,17586.12344,2,339.44256,21.26906,NA,NA,35,105,4.2,4.2,95.765
1/20/21 1:09,SSB,TB_2020-07-22_0_A,TB,7/22/20,0,2842.53729,2785.78002,112.34287,113.80416,2,359.81277,11.69591,NA,NA,35,105,21.8,21.8,95.592
1/20/21 3:39,SSB,TB_2020-07-22_0_B,TB,7/22/20,0,2803.76033,2753.251,100.61692,85.11167,2,359.81277,11.69591,NA,NA,35,105,21.8,21.8,95.592
1/20/21 6:10,SSB,TB_2020-07-22_0_C,TB,7/22/20,0,2802.74405,2747.68553,78.11357,63.22201,2,359.81277,11.69591,NA,NA,35,105,21.8,21.8,95.592
1/20/21 16:30,SSB,SBB_2020-07-23_0_B,SBB,7/23/20,0,4138.0702,3952.63746,180.22688,240.64289,NA,NA,NA,NA,NA,35,105,20.7,20.7,96.125
1/20/21 11:28,SSB,SSB_2020-07-23_0_C,SSB,7/23/20,0,4104.52422,3926.37355,171.51229,221.74656,3,374.60043,44.77353,NA,NA,35,105,20.7,20.7,96.125
1/20/21 13:59,SSB,SSB_2020-07-23_0_A,SSB,7/23/20,0,4142.46295,3956.66469,181.99147,234.08048,3,374.60043,44.77353,NA,NA,35,105,20.7,20.7,96.125
1/20/21 1:24,SSB,SSB_2020-07-23_3_B,SSB,7/23/20,3,13491.23159,12437.8802,10473.82903,10791.16258,3,374.60043,44.77353,NA,NA,35,105,6.6,6.6,96.125
1/20/21 3:54,SSB,SSB_2020-07-23_3_A,SSB,7/23/20,3,13379.88204,12339.50735,10174.73166,10354.22657,3,374.60043,44.77353,NA,NA,35,105,6.6,6.6,96.125
1/20/21 6:25,SSB,SSB_2020-07-23_3_C,SSB,7/23/20,3,13419.67118,12372.35979,10574.20063,10772.2927,3,374.60043,44.77353,NA,NA,35,105,6.6,6.6,96.125
1/17/21 7:36,SSB,SSB_2020-07-23_5_B,SSB,7/23/20,5,14190.86781,13023.82512,14055.75939,14322.80053,3,374.60043,44.77353,NA,NA,35,105,4.5,4.5,96.125
1/19/21 18:06,SSB,SSB_2020-07-23_5_C,SSB,7/23/20,5,14181.30514,13061.41418,14514.02378,14829.38585,3,374.60043,44.77353,NA,NA,35,105,4.5,4.5,96.125
1/20/21 8:57,SSB,SSB_2020-07-23_5_A,SSB,7/23/20,5,14203.57326,13056.68324,14626.24034,14992.30317,3,374.60043,44.77353,NA,NA,35,105,4.5,4.5,96.125
1/19/21 20:37,SSB,SSB_2020-07-23_7_A,SSB,7/23/20,7,21106.71199,19396.98359,44391.39883,46141.91125,3,374.60043,44.77353,NA,NA,35,105,4.4,4.4,96.125
1/19/21 23:08,SSB,SSB_2020-07-23_7_B,SSB,7/23/20,7,20878.53949,19181.36537,43471.05092,45141.42713,3,374.60043,44.77353,NA,NA,35,105,4.4,4.4,96.125
1/20/21 16:46,SSB,SSB_2020-07-23_7_C,SSB,7/23/20,7,20876.18522,19108.64211,43897.29912,45472.77157,3,374.60043,44.77353,NA,NA,35,105,4.4,4.4,96.125
1/17/21 2:05,SSB,SSB_2020-07-28_0_A,SSB,7/28/20,0,2713.67526,2660.38999,43.53484,25.50297,2,379.84956,60.07996,NA,NA,35,105,23.3,23.3,95.232
1/17/21 4:21,SSB,SSB_2020-07-28_0_B,SSB,7/28/20,0,2813.2707,2748.85404,43.20737,22.40612,2,379.84956,60.07996,NA,NA,35,105,23.3,23.3,95.232
1/17/21 9:37,SSB,SSB_2020-07-28_0_C,SSB,7/28/20,0,2820.16955,2759.88178,60.727,41.83911,2,379.84956,60.07996,NA,NA,35,105,23.3,23.3,95.232
1/17/21 2:20,SSB,SSB_2020-07-28_3_B,SSB,7/28/20,3,14417.58749,13217.49351,12324.47806,12516.06327,2,379.84956,60.07996,NA,NA,35,105,7,7,95.232
1/17/21 7:21,SSB,SSB_2020-07-28_3_A,SSB,7/28/20,3,14427.63881,13233.83725,12128.93812,12332.77022,2,379.84956,60.07996,NA,NA,35,105,7,7,95.232
1/17/21 10:07,SSB,SSB_2020-07-28_3_C,SSB,7/28/20,3,14342.40788,13165.3724,11590.34917,11803.02407,2,379.84956,60.07996,NA,NA,35,105,7,7,95.232
1/17/21 1:20,SSB,SSB_2020-07-28_5_B,SSB,7/28/20,5,14564.72797,13361.78288,14087.23584,14342.28069,2,379.84956,60.07996,NA,NA,35,105,4.5,4.5,95.232
1/17/21 6:36,SSB,SSB_2020-07-28_5_C,SSB,7/28/20,5,14752.10239,13536.15212,14516.06313,14804.69039,2,379.84956,60.07996,NA,NA,35,105,4.5,4.5,95.232
1/17/21 9:07,SSB,SSB_2020-07-28_5_A,SSB,7/28/20,5,14915.57025,13677.07248,14711.436,15133.16057,2,379.84956,60.07996,NA,NA,35,105,4.5,4.5,95.232
1/17/21 0:05,SSB,SSB_2020-07-28_7_B,SSB,7/28/20,7,22030.80884,20147.76194,45280.88722,46841.8406,2,379.84956,60.07996,NA,NA,35,105,4.4,4.4,95.232
1/17/21 2:51,SSB,SSB_2020-07-28_7_C,SSB,7/28/20,7,21866.91862,20005.9591,42418.88781,43866.31347,2,379.84956,60.07996,NA,NA,35,105,4.4,4.4,95.232
1/17/21 8:52,SSB,SSB_2020-07-28_7_A,SSB,7/28/20,7,21389.47541,19571.88589,41264.07468,42847.19646,2,379.84956,60.07996,NA,NA,35,105,4.4,4.4,95.232
1/17/21 4:36,SSB,TB_2020-08-04_0_A,TB,8/4/20,0,4102.5496,3918.82617,211.20811,200.50515,2,347.33699,6.16543,NA,NA,35,105,18.9,18.9,96.125
1/17/21 9:22,SSB,TB_2020-08-04_0_B,TB,8/4/20,0,4092.57426,3905.3192,290.36679,280.08349,2,347.33699,6.16543,NA,NA,35,105,18.9,18.9,96.125
1/17/21 10:22,SSB,TB_2020-08-04_0_C,TB,8/4/20,0,4012.55126,3833.30209,211.85173,203.94885,2,347.33699,6.16543,NA,NA,35,105,18.9,18.9,96.125
1/16/21 17:19,SSB,TB_2020-10-05_0_A,TB,10/5/20,0,4828.20595,4562.83634,1141.34965,1141.25403,2,355.97158,24.20824,NA,NA,35,105,10.5,10.5,95.219
1/16/21 17:34,SSB,TB_2020-10-05_0_B,TB,10/5/20,0,4784.41704,4529.06933,1108.3186,1114.202,2,355.97158,24.20824,NA,NA,35,105,10.5,10.5,95.219
1/16/21 17:49,SSB,TB_2020-10-05_0_C,TB,10/5/20,0,4677.17731,4436.93478,1027.84887,1027.91457,2,355.97158,24.20824,NA,NA,35,105,10.5,10.5,95.219
1/16/21 18:04,SSB,TB_2020-10-05_3_A,TB,10/5/20,3,12329.18879,11331.01589,6165.70114,6204.57061,2,355.97158,24.20824,NA,NA,35,105,9,9,95.219
1/16/21 18:19,SSB,TB_2020-10-05_3_B,TB,10/5/20,3,12514.01784,11488.00939,7019.69634,7065.63646,2,355.97158,24.20824,NA,NA,35,105,9,9,95.219
1/16/21 18:34,SSB,TB_2020-10-05_3_C,TB,10/5/20,3,11919.56465,10966.76659,5925.54872,5972.44228,2,355.97158,24.20824,NA,NA,35,105,9,9,95.219
1/16/21 18:49,SSB,TB_2020-10-05_5_A,TB,10/5/20,5,11646.30784,10703.63752,7696.91797,7772.18343,2,355.97158,24.20824,NA,NA,35,105,5,5,95.219
1/16/21 19:04,SSB,TB_2020-10-05_5_B,TB,10/5/20,5,11683.67911,10751.5506,7521.50414,7590.39336,2,355.97158,24.20824,NA,NA,35,105,5,5,95.219
1/16/21 19:19,SSB,TB_2020-10-05_5_C,TB,10/5/20,5,11771.95041,10818.22936,7187.1505,7241.07751,2,355.97158,24.20824,NA,NA,35,105,5,5,95.219
1/16/21 19:34,SSB,TB_2020-10-05_7_A,TB,10/5/20,7,16312.23514,14942.54817,25355.70794,26074.65409,2,355.97158,24.20824,NA,NA,35,105,4.4,4.4,95.219
1/16/21 19:49,SSB,TB_2020-10-05_7_B,TB,10/5/20,7,16526.05221,15137.94088,24472.64576,25143.06118,2,355.97158,24.20824,NA,NA,35,105,4.4,4.4,95.219
1/16/21 20:04,SSB,TB_2020-10-05_7_C,TB,10/5/20,7,16309.11594,14939.82028,24908.01264,25613.60357,2,355.97158,24.20824,NA,NA,35,105,4.4,4.4,95.219
1/16/21 13:34,SSB,SSB_2020-10-07_0_A,SSB,10/7/20,0,5230.31992,4926.86583,711.37182,702.94216,2,363.38559,44.69531,NA,NA,35,105,11.9,11.9,95.525
1/16/21 13:49,SSB,SSB_2020-10-07_0_B,SSB,10/7/20,0,5394.55177,5068.98355,687.24809,685.44355,2,363.38559,44.69531,NA,NA,35,105,11.9,11.9,95.525
1/16/21 14:04,SSB,SSB_2020-10-07_0_C,SSB,10/7/20,0,5210.72188,4909.53235,599.34878,593.11542,2,363.38559,44.69531,NA,NA,35,105,11.9,11.9,95.525
1/16/21 14:19,SSB,SSB_2020-10-07_3_A,SSB,10/7/20,3,16095.34945,14731.44107,17351.85123,17725.65675,2,363.38559,44.69531,NA,NA,35,105,9.6,9.6,95.525
1/16/21 14:34,SSB,SSB_2020-10-07_3_B,SSB,10/7/20,3,15990.62568,14642.75112,17090.02737,17447.02268,2,363.38559,44.69531,NA,NA,35,105,9.6,9.6,95.525
1/16/21 14:49,SSB,SSB_2020-10-07_3_C,SSB,10/7/20,3,15669.39256,14345.94889,16915.75869,17267.67835,2,363.38559,44.69531,NA,NA,35,105,9.6,9.6,95.525
1/16/21 15:04,SSB,SSB_2020-10-07_5_A,SSB,10/7/20,5,16294.70158,14922.76227,23911.83263,24568.99906,2,363.38559,44.69531,NA,NA,35,105,5.6,5.6,95.525
1/16/21 15:19,SSB,SSB_2020-10-07_5_B,SSB,10/7/20,5,16234.33778,14862.10566,24210.49146,24875.00612,2,363.38559,44.69531,NA,NA,35,105,5.6,5.6,95.525
1/16/21 15:34,SSB,SSB_2020-10-07_5_C,SSB,10/7/20,5,16264.51968,14892.43397,24061.16205,24722.00259,2,363.38559,44.69531,NA,NA,35,105,5.6,5.6,95.525
1/16/21 15:49,SSB,SSB_2020-10-07_7_A,SSB,10/7/20,7,21650.3126,19796.30452,47394.22879,49001.02622,2,363.38559,44.69531,NA,NA,35,105,4.8,4.8,95.525
1/16/21 16:04,SSB,SSB_2020-10-07_7_B,SSB,10/7/20,7,21590.68803,19729.80534,45492.50014,47036.77906,2,363.38559,44.69531,NA,NA,35,105,4.8,4.8,95.525
1/16/21 16:19,SSB,SSB_2020-10-07_7_C,SSB,10/7/20,7,21832.78082,19957.39635,46249.98747,48013.18203,2,363.38559,44.69531,NA,NA,35,105,4.8,4.8,95.525
1/16/21 1:36,SSB,SSB_2020-10-30_0_A,SSB,10/30/20,0,7594.89038,7054.31588,3879.37946,3889.11693,2,348.13162,5.9538,NA,NA,35,105,5.2,5.2,96.565
1/16/21 1:51,SSB,SSB_2020-10-30_0_B,SSB,10/30/20,0,7551.98747,7022.40971,3787.21729,3797.83853,2,348.13162,5.9538,NA,NA,35,105,5.2,5.2,96.565
1/16/21 2:06,SSB,SSB_2020-10-30_0_C,SSB,10/30/20,0,7506.74118,6983.78947,3705.84699,3720.51265,2,348.13162,5.9538,NA,NA,35,105,5.2,5.2,96.565
1/16/21 2:21,SSB,SSB_2020-10-30_3_A,SSB,10/30/20,3,7799.98316,7242.87994,3394.44037,3406.70249,2,348.13162,5.9538,NA,NA,35,105,4.3,4.3,96.565
1/16/21 2:36,SSB,SSB_2020-10-30_3_B,SSB,10/30/20,3,7957.46426,7381.69486,3471.10634,3721.87126,2,348.13162,5.9538,NA,NA,35,105,4.3,4.3,96.565
1/16/21 2:51,SSB,SSB_2020-10-30_3_C,SSB,10/30/20,3,7890.14962,7311.74093,3905.88362,4135.559,2,348.13162,5.9538,NA,NA,35,105,4.3,4.3,96.565
1/16/21 3:06,SSB,SSB_2020-10-30_5_A,SSB,10/30/20,5,7784.86275,7220.75134,3861.37278,3885.84579,2,348.13162,5.9538,NA,NA,35,105,4.2,4.2,96.565
1/16/21 3:21,SSB,SSB_2020-10-30_5_B,SSB,10/30/20,5,7661.52829,7117.46473,3753.31125,3770.46151,2,348.13162,5.9538,NA,NA,35,105,4.2,4.2,96.565
1/16/21 3:36,SSB,SSB_2020-10-30_5_C,SSB,10/30/20,5,7821.72899,7260.20855,4029.10571,4043.83713,2,348.13162,5.9538,NA,NA,35,105,4.2,4.2,96.565
1/16/21 3:51,SSB,SSB_2020-10-30_7_A,SSB,10/30/20,7,7586.58172,7044.53751,3552.51598,3560.19292,2,348.13162,5.9538,NA,NA,35,105,4.2,4.2,96.565
1/16/21 4:07,SSB,SSB_2020-10-30_7_B,SSB,10/30/20,7,7698.45862,7149.59558,3804.83483,3812.07577,2,348.13162,5.9538,NA,NA,35,105,4.2,4.2,96.565
1/16/21 4:22,SSB,SSB_2020-10-30_7_C,SSB,10/30/20,7,7841.59729,7268.88829,3965.49534,3975.41183,2,348.13162,5.9538,NA,NA,35,105,4.2,4.2,96.565
1/15/21 21:51,SSB,TB_2020-10-30_0_A,TB,10/30/20,0,6030.01813,5643.8471,1638.89255,1639.89475,2,350.49536,18.02836,NA,NA,35,105,4.7,4.7,95.605
1/15/21 22:06,SSB,TB_2020-10-30_0_B,TB,10/30/20,0,5890.0702,5522.76993,1647.7436,1643.8613,2,350.49536,18.02836,NA,NA,35,105,4.7,4.7,95.605
1/15/21 22:21,SSB,TB_2020-10-30_0_C,TB,10/30/20,0,6147.67009,5755.56805,1706.19155,1701.38203,2,350.49536,18.02836,NA,NA,35,105,4.7,4.7,95.605
1/15/21 22:36,SSB,TB_2020-10-30_3_A,TB,10/30/20,3,4034.33914,3855.52902,1157.41419,1149.38845,2,350.49536,18.02836,NA,NA,35,105,4,4,95.605
1/15/21 22:51,SSB,TB_2020-10-30_3_B,TB,10/30/20,3,6247.33045,5833.05881,1798.68141,1795.27009,2,350.49536,18.02836,NA,NA,35,105,4,4,95.605
1/15/21 23:06,SSB,TB_2020-10-30_3_C,TB,10/30/20,3,6106.73161,5714.61566,1702.34091,1706.1274,2,350.49536,18.02836,NA,NA,35,105,4,4,95.605
1/15/21 23:21,SSB,TB_2020-10-30_5_A,TB,10/30/20,5,6455.6471,6018.79057,2387.27527,2382.96493,2,350.49536,18.02836,NA,NA,35,105,4,4,95.605
1/15/21 23:36,SSB,TB_2020-10-30_5_B,TB,10/30/20,5,6800.02841,6336.88199,3668.95835,3678.81555,2,350.49536,18.02836,NA,NA,35,105,4,4,95.605
1/15/21 23:51,SSB,TB_2020-10-30_5_C,TB,10/30/20,5,7158.15336,6660.08058,4139.40692,4154.12575,2,350.49536,18.02836,NA,NA,35,105,4,4,95.605
1/16/21 0:06,SSB,TB_2020-10-30_7_A,TB,10/30/20,7,14092.71399,12917.70377,18689.11468,19108.50229,2,350.49536,18.02836,NA,NA,35,105,4.1,4.1,95.605
1/16/21 0:21,SSB,TB_2020-10-30_7_B,TB,10/30/20,7,13673.04244,12526.15979,17015.53217,17361.57907,2,350.49536,18.02836,NA,NA,35,105,4.1,4.1,95.605
1/16/21 0:36,SSB,TB_2020-10-30_7_C,TB,10/30/20,7,13265.03156,12174.43137,16646.3219,16983.94058,2,350.49536,18.02836,NA,NA,35,105,4.1,4.1,95.605
1/16/21 5:22,SSB,SSB_2021-01-13_0_A,SSB,1/13/21,0,6479.31761,6050.58825,518.34555,510.41836,2,386.36574,11.07119,NA,NA,35,105,0.3,0.3,94.738
1/16/21 5:37,SSB,SSB_2021-01-13_0_B,SSB,1/13/21,0,7048.23592,6551.40605,671.08469,667.86442,2,386.36574,11.07119,NA,NA,35,105,0.3,0.3,94.738
1/16/21 5:52,SSB,SSB_2021-01-13_0_C,SSB,1/13/21,0,7335.70668,6822.41039,74.10623,56.24949,2,386.36574,11.07119,NA,NA,35,105,0.3,0.3,94.738
1/16/21 6:07,SSB,SSB_2021-01-13_3_A,SSB,1/13/21,3,7735.7773,7172.54734,1847.08624,1848.79897,2,386.36574,11.07119,NA,NA,35,105,3.6,3.6,94.738
1/16/21 6:22,SSB,SSB_2021-01-13_3_B,SSB,1/13/21,3,7884.34422,7320.30244,2106.61288,2110.35489,2,386.36574,11.07119,NA,NA,35,105,3.6,3.6,94.738
1/16/21 6:37,SSB,SSB_2021-01-13_3_C,SSB,1/13/21,3,7373.23303,6847.7065,1929.16532,1921.52443,2,386.36574,11.07119,NA,NA,35,105,3.6,3.6,94.738
1/16/21 6:52,SSB,SSB_2021-01-13_5_A,SSB,1/13/21,5,8148.43802,7551.85242,3775.63908,3791.39863,2,386.36574,11.07119,NA,NA,35,105,3.7,3.7,94.738
1/16/21 7:07,SSB,SSB_2021-01-13_5_B,SSB,1/13/21,5,8109.06309,7519.15112,3850.7847,3854.37222,2,386.36574,11.07119,NA,NA,35,105,3.7,3.7,94.738
1/16/21 7:22,SSB,SSB_2021-01-13_5_C,SSB,1/13/21,5,8329.52724,7716.67975,4065.54902,4078.93558,2,386.36574,11.07119,NA,NA,35,105,3.7,3.7,94.738
1/16/21 7:37,SSB,SSB_2021-01-13_7_A,SSB,1/13/21,7,9571.71892,8837.92741,7647.50192,7711.72402,2,386.36574,11.07119,NA,NA,35,105,4,4,94.738
1/16/21 7:52,SSB,SSB_2021-01-13_7_B,SSB,1/13/21,7,9306.35613,8591.94655,8236.24627,8316.6799,2,386.36574,11.07119,NA,NA,35,105,4,4,94.738
1/16/21 8:07,SSB,SSB_2021-01-13_7_C,SSB,1/13/21,7,9762.94639,9003.45316,10446.35559,10583.69519,2,386.36574,11.07119,NA,NA,35,105,4,4,94.738
1/16/21 9:07,SSB,TB_2021-01-14_0_A,TB,1/14/21,0,5654.96521,5294.93352,335.73964,324.99996,2,371.81449,26.41653,NA,NA,35,105,1.8,1.8,94.232
1/16/21 9:22,SSB,TB_2021-01-14_0_B,TB,1/14/21,0,5474.3326,5140.73778,873.25195,863.22278,2,371.81449,26.41653,NA,NA,35,105,1.8,1.8,94.232
1/16/21 9:37,SSB,TB_2021-01-14_0_C,TB,1/14/21,0,5295.81927,4990.89756,1044.1173,1058.57826,2,371.81449,26.41653,NA,NA,35,105,1.8,1.8,94.232
1/16/21 9:52,SSB,TB_2021-01-14_3_A,TB,1/14/21,3,7425.31104,6893.59378,2005.41413,2004.81451,2,371.81449,26.41653,NA,NA,35,105,4,4,94.232
1/16/21 10:07,SSB,TB_2021-01-14_3_B,TB,1/14/21,3,6991.3824,6512.04757,1085.03416,1083.59755,2,371.81449,26.41653,NA,NA,35,105,4,4,94.232
1/16/21 10:22,SSB,TB_2021-01-14_3_C,TB,1/14/21,3,6870.60205,6396.33718,1084.3495,1082.205,2,371.81449,26.41653,NA,NA,35,105,4,4,94.232
1/16/21 10:37,SSB,TB_2021-01-14_5_A,TB,1/14/21,5,8336.0622,7720.1284,4460.33469,4465.70645,2,371.81449,26.41653,NA,NA,35,105,4.1,4.1,94.232
1/16/21 11:33,SSB,TB_2021-01-14_5_B,TB,1/14/21,5,8757.16223,8096.65074,6640.90463,6676.11327,2,371.81449,26.41653,NA,NA,35,105,4.1,4.1,94.232
1/16/21 11:48,SSB,TB_2021-01-14_5_C,TB,1/14/21,5,7939.95704,7360.57509,3205.05793,3209.95158,2,371.81449,26.41653,NA,NA,35,105,4.1,4.1,94.232
1/16/21 12:03,SSB,TB_2021-01-14_7_A,TB,1/14/21,7,15690.85356,14371.7163,28455.05252,29297.82373,2,371.81449,26.41653,NA,NA,35,105,4.4,4.4,94.232
1/16/21 12:18,SSB,TB_2021-01-14_7_B,TB,1/14/21,7,14153.1906,12975.31803,25078.26953,25768.97547,2,371.81449,26.41653,NA,NA,35,105,4.4,4.4,94.232
1/16/21 12:33,SSB,TB_2021-01-14_7_C,TB,1/14/21,7,13628.5698,12493.93793,25445.67508,26151.31964,2,371.81449,26.41653,NA,NA,35,105,4.4,4.4,94.232
1/15/21 9:49,SSB,blank,blank,NA,NA,581.16346,708.03767,0.91769,0,NA,NA,NA,NA,NA,60,940,0.2,0.2,103.991
1/15/21 10:04,SSB,blank,blank,NA,NA,398.67772,532.96676,1.77225,0,NA,NA,NA,NA,NA,60,940,0.2,0.2,103.991
1/15/21 10:20,SSB,blank,blank,NA,NA,391.6762,527.78931,1.7942,0,NA,NA,NA,NA,NA,60,940,0.2,0.2,103.991
1/16/21 11:03,SSB,blank,blank,NA,NA,437.25086,578.59117,11.87734,-11.00931,NA,NA,NA,NA,NA,60,940,0.2,0.2,103.991
1/16/21 11:18,SSB,blank,blank,NA,NA,354.98334,500.11717,4.13971,0,NA,NA,NA,NA,NA,60,940,0.2,0.2,103.991
1/17/21 12:19,SSB,blank,blank,NA,NA,471.04205,614.97433,11.72464,-11.14621,NA,NA,NA,NA,NA,60,940,0.2,0.2,103.991
1/17/21 12:35,SSB,blank,blank,NA,NA,381.72668,527.65645,3.38418,0,NA,NA,NA,NA,NA,60,940,0.2,0.2,103.991
1/15/21 10:35,SSB,std1,std1,NA,NA,-74.03821,NA,1.74976,NA,NA,NA,NA,NA,NA,60,940,0.2,0.2,103.991
1/15/21 12:50,SSB,std10,std10,NA,NA,-28.15177,129.8636,5005.41275,5008.40717,NA,NA,NA,NA,NA,60,940,0.2,0.2,103.991
1/15/21 13:05,SSB,std11,std11,NA,NA,55708.37131,51174.62513,23908.06083,24500.60022,NA,NA,NA,NA,NA,60,940,0.2,0.2,103.991
1/15/21 13:20,SSB,std12,std12,NA,NA,11326.52055,10389.66271,74.64564,56.66018,NA,NA,NA,NA,NA,60,940,0.2,0.2,103.991
1/15/21 13:35,SSB,std13,std13,NA,NA,20.86202,176.21731,15.24648,-5.36721,NA,NA,NA,NA,NA,60,940,0.2,0.2,103.991
1/15/21 13:50,SSB,std15,std15,NA,NA,-31.85239,127.4766,6.30156,0,NA,NA,NA,NA,NA,60,940,0.2,0.2,103.991
1/15/21 14:05,SSB,std16,std16,NA,NA,-63.23132,97.46053,3.22884,0,NA,NA,NA,NA,NA,60,940,0.2,0.2,103.991
1/15/21 10:50,SSB,std2,std2,NA,NA,7.70434,164.60898,12.94445,-10.89197,NA,NA,NA,NA,NA,60,940,0.2,0.2,103.991
1/15/21 11:05,SSB,std3,std3,NA,NA,-74.26064,0,96.90939,81.62828,NA,NA,NA,NA,NA,60,940,0.2,0.2,103.991
1/15/21 11:20,SSB,std4,std4,NA,NA,163.97428,314.84818,1.68939,0,NA,NA,NA,NA,NA,60,940,0.2,0.2,103.991
1/15/21 11:35,SSB,std5,std5,NA,NA,392.13499,526.5245,0,0,NA,NA,NA,NA,NA,60,940,0.2,0.2,103.991
1/15/21 11:50,SSB,std6,std6,NA,NA,-72.7537,0,517.60536,511.42381,NA,NA,NA,NA,NA,60,940,0.2,0.2,103.991
1/15/21 12:05,SSB,std7,std7,NA,NA,957.12133,1048.5218,1.09703,0,NA,NA,NA,NA,NA,60,940,0.2,0.2,103.991
1/15/21 12:20,SSB,std8,std8,NA,NA,321.71678,464.45275,1155.9677,1148.10462,NA,NA,NA,NA,NA,60,940,0.2,0.2,103.991
1/15/21 12:35,SSB,std9,std9,NA,NA,4978.78862,4678.17821,2.6479,0,NA,NA,NA,NA,NA,60,940,0.2,0.2,103.991