analysis_date,batch_id,sample_id,lake,date,depth,replicate,CO2_FID,CO2_TCD,CH4_FID,CH4_TCD,N2O_ECD
1/15/21 9:49,SSB,blank,blank,NA,NA,NA,581.16346,708.03767,0.91769,0,1.36502
1/15/21 10:04,SSB,blank,blank,NA,NA,NA,398.67772,532.96676,1.77225,0,1.41598
1/15/21 10:20,SSB,blank,blank,NA,NA,NA,391.6762,527.78931,1.7942,0,1.53534
1/15/21 10:35,SSB,std1,std1,NA,NA,NA,-74.03821,NA,1.74976,NA,0.6575
1/15/21 10:50,SSB,std2,std2,NA,NA,NA,7.70434,164.60898,12.94445,-10.89197,0.70406
1/15/21 11:05,SSB,std3,std3,NA,NA,NA,-74.26064,0,96.90939,81.62828,0.91443
1/15/21 11:20,SSB,std4,std4,NA,NA,NA,163.97428,314.84818,1.68939,0,1.15869
1/15/21 11:35,SSB,std5,std5,NA,NA,NA,392.13499,526.5245,0,0,1.15887
1/15/21 11:50,SSB,std6,std6,NA,NA,NA,-72.7537,0,517.60536,511.42381,0.91332
1/15/21 12:05,SSB,std7,std7,NA,NA,NA,957.12133,1048.5218,1.09703,0,0.42668
1/15/21 12:20,SSB,std8,std8,NA,NA,NA,321.71678,464.45275,1155.9677,1148.10462,0.08851
1/15/21 12:35,SSB,std9,std9,NA,NA,NA,4978.78862,4678.17821,2.6479,0,0.01477
1/15/21 12:50,SSB,std10,std10,NA,NA,NA,-28.15177,129.8636,5005.41275,5008.40717,-0.05438
1/15/21 13:05,SSB,std11,std11,NA,NA,NA,55708.37131,51174.62513,23908.06083,24500.60022,-0.21539
1/15/21 13:20,SSB,std12,std12,NA,NA,NA,11326.52055,10389.66271,74.64564,56.66018,-0.15444
1/15/21 13:35,SSB,std13,std13,NA,NA,NA,20.86202,176.21731,15.24648,-5.36721,0.93471
1/15/21 13:50,SSB,std15,std15,NA,NA,NA,-31.85239,127.4766,6.30156,0,10.02069
1/15/21 14:05,SSB,std16,std16,NA,NA,NA,-63.23132,97.46053,3.22884,0,0.1656
1/15/21 14:20,SSB,SSB_2020-05-04_0_A,SSB,5/4/20,0,A,4037.75796,3833.55643,1524.60009,1520.88846,-0.0671
1/15/21 14:35,SSB,SSB_2020-05-04_0_B,SSB,5/4/20,0,B,2468.32521,2429.60305,1279.99809,1277.06007,-0.16587
1/15/21 14:50,SSB,SSB_2020-05-04_0_C,SSB,5/4/20,0,C,643.81895,769.17332,1457.28154,1449.82474,-0.08694
1/15/21 15:05,SSB,SSB_2020-05-04_3_A,SSB,5/4/20,3,A,9662.42024,8903.69241,5432.832,5453.47989,-0.22888
1/15/21 15:20,SSB,SSB_2020-05-04_3_B,SSB,5/4/20,3,B,9123.85628,8426.56218,5502.64184,5527.67901,-0.26444
1/15/21 15:35,SSB,SSB_2020-05-04_3_C,SSB,5/4/20,3,C,9295.57873,8582.22262,5423.56526,5440.2872,-0.35051
1/15/21 15:50,SSB,SSB_2020-05-04_5_A,SSB,5/4/20,5,A,12121.11105,11134.93084,14742.30784,15004.40989,-0.43773
1/15/21 16:05,SSB,SSB_2020-05-04_5_B,SSB,5/4/20,5,B,12170.79909,11170.6493,14874.08861,15131.9193,-0.46107
1/15/21 16:20,SSB,SSB_2020-05-04_5_C,SSB,5/4/20,5,C,11956.31583,10976.69813,15301.35707,15581.11963,-0.54024
1/15/21 16:35,SSB,SSB_2020-05-04_7_A,SSB,5/4/20,7,A,19823.94206,18114.81678,35929.02181,37101.52335,-0.42534
1/15/21 16:50,SSB,SSB_2020-05-04_7_B,SSB,5/4/20,7,B,19580.10639,17895.29281,34787.92435,35912.31173,-0.49375
1/15/21 17:05,SSB,SSB_2020-05-04_7_C,SSB,5/4/20,7,C,18647.84681,17043.66199,35041.07087,36171.20277,-0.50124
1/15/21 17:20,SSB,SSB_2020-05-04_Air_1,SSB,5/4/20,Air,1,405.76686,539.47362,117.36846,101.63474,-0.22615
1/15/21 17:35,SSB,SSB_2020-05-04_Air_2,SSB,5/4/20,Air,2,361.83218,502.7256,34.99834,14.81353,-0.2565
1/15/21 17:50,SSB,SSB_2020-05-04_Air_3,SSB,5/4/20,Air,3,400.06544,536.62182,16.93558,-5.51619,-0.45961
1/15/21 18:05,SSB,TB_2020-05-04_0_A,TB,5/4/20,0,A,6073.87095,5674.49131,1896.39783,1893.63491,-0.53584
1/15/21 18:20,SSB,TB_2020-05-04_0_B,TB,5/4/20,0,B,6281.54324,5872.03252,1999.98777,2014.03087,-0.48849
1/15/21 18:35,SSB,TB_2020-05-04_0_C,TB,5/4/20,0,C,5985.0247,5611.30142,1860.77163,2054.16861,-0.89484
1/15/21 18:50,SSB,TB_2020-05-04_3_A,TB,5/4/20,3,A,8522.22863,7881.05446,3922.37926,3945.49129,-0.99448
1/15/21 19:05,SSB,TB_2020-05-04_3_B,TB,5/4/20,3,B,8377.57589,7746.75351,3915.45993,4194.80187,-0.78881
1/15/21 19:20,SSB,TB_2020-05-04_3_C,TB,5/4/20,3,C,8374.27272,7751.05986,3737.05595,3943.73637,-0.73583
1/15/21 19:35,SSB,TB_2020-05-04_5_A,TB,5/4/20,5,A,8876.30494,8202.58438,4718.38372,4920.77781,-0.79536
1/15/21 19:50,SSB,TB_2020-05-04_5_B,TB,5/4/20,5,B,8761.55879,8098.37669,4707.26279,4753.04783,-0.80697
1/15/21 20:06,SSB,TB_2020-05-04_5_C,TB,5/4/20,5,C,2586.28917,2535.25675,1198.91207,1207.57641,-0.54509
1/15/21 20:21,SSB,TB_2020-05-04_7_A,TB,5/4/20,7,A,10926.36185,10062.94517,10809.97457,10958.43297,-0.71509
1/15/21 20:36,SSB,TB_2020-05-04_7_B,TB,5/4/20,7,B,11025.07514,10139.13456,10814.7399,10951.66062,-0.63649
1/15/21 20:51,SSB,TB_2020-05-04_7_C,TB,5/4/20,7,C,10577.96983,9742.8763,9351.42252,9456.31827,-0.68157
1/15/21 21:06,SSB,TB_2020-05-04_Air_1,TB,5/4/20,Air,1,372.84668,514.62241,34.08287,14.01976,-0.36334
1/15/21 21:21,SSB,TB_2020-05-04_Air_2,TB,5/4/20,Air,2,353.46927,496.23703,11.61964,-10.49278,-0.37185
1/15/21 21:36,SSB,TB_2020-05-04_Air_3,TB,5/4/20,Air,3,356.45198,498.45948,6.72277,0,-0.40907
1/15/21 21:51,SSB,TB_2020-10-30_0_A,TB,10/30/20,0,A,6030.01813,5643.8471,1638.89255,1639.89475,-0.56448
1/15/21 22:06,SSB,TB_2020-10-30_0_B,TB,10/30/20,0,B,5890.0702,5522.76993,1647.7436,1643.8613,-0.49983
1/15/21 22:21,SSB,TB_2020-10-30_0_C,TB,10/30/20,0,C,6147.67009,5755.56805,1706.19155,1701.38203,-0.47199
1/15/21 22:36,SSB,TB_2020-10-30_3_A,TB,10/30/20,3,A,4034.33914,3855.52902,1157.41419,1149.38845,-0.36589
1/15/21 22:51,SSB,TB_2020-10-30_3_B,TB,10/30/20,3,B,6247.33045,5833.05881,1798.68141,1795.27009,-0.52463
1/15/21 23:06,SSB,TB_2020-10-30_3_C,TB,10/30/20,3,C,6106.73161,5714.61566,1702.34091,1706.1274,-0.83858
1/15/21 23:21,SSB,TB_2020-10-30_5_A,TB,10/30/20,5,A,6455.6471,6018.79057,2387.27527,2382.96493,-0.50385
1/15/21 23:36,SSB,TB_2020-10-30_5_B,TB,10/30/20,5,B,6800.02841,6336.88199,3668.95835,3678.81555,-0.51421
1/15/21 23:51,SSB,TB_2020-10-30_5_C,TB,10/30/20,5,C,7158.15336,6660.08058,4139.40692,4154.12575,-0.36686
1/16/21 0:06,SSB,TB_2020-10-30_7_A,TB,10/30/20,7,A,14092.71399,12917.70377,18689.11468,19108.50229,-0.5735
1/16/21 0:21,SSB,TB_2020-10-30_7_B,TB,10/30/20,7,B,13673.04244,12526.15979,17015.53217,17361.57907,-0.5303
1/16/21 0:36,SSB,TB_2020-10-30_7_C,TB,10/30/20,7,C,13265.03156,12174.43137,16646.3219,16983.94058,-0.56909
1/16/21 0:51,SSB,TB_2020-10-30_Air_1,TB,10/30/20,Air,1,376.74506,519.42688,57.84311,39.44802,-0.50594
1/16/21 1:06,SSB,TB_2020-10-30_Air_2,TB,10/30/20,Air,2,350.49536,493.93576,18.02836,-3.66061,-0.24687
1/16/21 1:21,SSB,TB_2020-10-30_Air_3,TB,10/30/20,Air,3,345.59499,491.67674,9.23667,0,-0.24479
1/16/21 1:36,SSB,SSB_2020-10-30_0_A,SSB,10/30/20,0,A,7594.89038,7054.31588,3879.37946,3889.11693,-0.57483
1/16/21 1:51,SSB,SSB_2020-10-30_0_B,SSB,10/30/20,0,B,7551.98747,7022.40971,3787.21729,3797.83853,-0.53538
1/16/21 2:06,SSB,SSB_2020-10-30_0_C,SSB,10/30/20,0,C,7506.74118,6983.78947,3705.84699,3720.51265,-0.45645
1/16/21 2:21,SSB,SSB_2020-10-30_3_A,SSB,10/30/20,3,A,7799.98316,7242.87994,3394.44037,3406.70249,-0.45798
1/16/21 2:36,SSB,SSB_2020-10-30_3_B,SSB,10/30/20,3,B,7957.46426,7381.69486,3471.10634,3721.87126,-0.56613
1/16/21 2:51,SSB,SSB_2020-10-30_3_C,SSB,10/30/20,3,C,7890.14962,7311.74093,3905.88362,4135.559,-0.5186
1/16/21 3:06,SSB,SSB_2020-10-30_5_A,SSB,10/30/20,5,A,7784.86275,7220.75134,3861.37278,3885.84579,-0.57623
1/16/21 3:21,SSB,SSB_2020-10-30_5_B,SSB,10/30/20,5,B,7661.52829,7117.46473,3753.31125,3770.46151,-0.53807
1/16/21 3:36,SSB,SSB_2020-10-30_5_C,SSB,10/30/20,5,C,7821.72899,7260.20855,4029.10571,4043.83713,-0.58441
1/16/21 3:51,SSB,SSB_2020-10-30_7_A,SSB,10/30/20,7,A,7586.58172,7044.53751,3552.51598,3560.19292,-0.60336
1/16/21 4:07,SSB,SSB_2020-10-30_7_B,SSB,10/30/20,7,B,7698.45862,7149.59558,3804.83483,3812.07577,-0.51739
1/16/21 4:22,SSB,SSB_2020-10-30_7_C,SSB,10/30/20,7,C,7841.59729,7268.88829,3965.49534,3975.41183,-0.37367
1/16/21 4:37,SSB,SSB_2020-10-30_Air_1,SSB,10/30/20,Air,1,361.29472,503.82017,15.14331,-6.86215,-0.27728
1/16/21 4:52,SSB,SSB_2020-10-30_Air_2,SSB,10/30/20,Air,2,348.13162,488.81234,5.9538,0,-0.12809
1/16/21 5:07,SSB,SSB_2020-10-30_Air_3,SSB,10/30/20,Air,3,343.31604,487.20584,3.84259,0,-0.21156
1/16/21 5:22,SSB,SSB_2021-01-13_0_A,SSB,1/13/21,0,A,6479.31761,6050.58825,518.34555,510.41836,-0.44264
1/16/21 5:37,SSB,SSB_2021-01-13_0_B,SSB,1/13/21,0,B,7048.23592,6551.40605,671.08469,667.86442,-0.62186
1/16/21 5:52,SSB,SSB_2021-01-13_0_C,SSB,1/13/21,0,C,7335.70668,6822.41039,74.10623,56.24949,-0.69498
1/16/21 6:07,SSB,SSB_2021-01-13_3_A,SSB,1/13/21,3,A,7735.7773,7172.54734,1847.08624,1848.79897,-0.40024
1/16/21 6:22,SSB,SSB_2021-01-13_3_B,SSB,1/13/21,3,B,7884.34422,7320.30244,2106.61288,2110.35489,-0.57866
1/16/21 6:37,SSB,SSB_2021-01-13_3_C,SSB,1/13/21,3,C,7373.23303,6847.7065,1929.16532,1921.52443,-0.58931
1/16/21 6:52,SSB,SSB_2021-01-13_5_A,SSB,1/13/21,5,A,8148.43802,7551.85242,3775.63908,3791.39863,-0.52318
1/16/21 7:07,SSB,SSB_2021-01-13_5_B,SSB,1/13/21,5,B,8109.06309,7519.15112,3850.7847,3854.37222,-0.38831
1/16/21 7:22,SSB,SSB_2021-01-13_5_C,SSB,1/13/21,5,C,8329.52724,7716.67975,4065.54902,4078.93558,-0.42614
1/16/21 7:37,SSB,SSB_2021-01-13_7_A,SSB,1/13/21,7,A,9571.71892,8837.92741,7647.50192,7711.72402,-0.49656
1/16/21 7:52,SSB,SSB_2021-01-13_7_B,SSB,1/13/21,7,B,9306.35613,8591.94655,8236.24627,8316.6799,-0.6018
1/16/21 8:07,SSB,SSB_2021-01-13_7_C,SSB,1/13/21,7,C,9762.94639,9003.45316,10446.35559,10583.69519,-0.54099
1/16/21 8:22,SSB,SSB_2021-01-13_Air_1,SSB,1/13/21,Air,1,402.17091,537.78098,34.01629,17.61244,-0.19009
1/16/21 8:37,SSB,SSB_2021-01-13_Air_2,SSB,1/13/21,Air,2,374.89888,514.81093,11.07119,0,-0.08785
1/16/21 8:52,SSB,SSB_2021-01-13_Air_3,SSB,1/13/21,Air,3,386.36574,533.26864,5.98209,0,-0.15686
1/16/21 9:07,SSB,TB_2021-01-14_0_A,TB,1/14/21,0,A,5654.96521,5294.93352,335.73964,324.99996,-0.30852
1/16/21 9:22,SSB,TB_2021-01-14_0_B,TB,1/14/21,0,B,5474.3326,5140.73778,873.25195,863.22278,-0.32037
1/16/21 9:37,SSB,TB_2021-01-14_0_C,TB,1/14/21,0,C,5295.81927,4990.89756,1044.1173,1058.57826,-0.33071
1/16/21 9:52,SSB,TB_2021-01-14_3_A,TB,1/14/21,3,A,7425.31104,6893.59378,2005.41413,2004.81451,-0.32716
1/16/21 10:07,SSB,TB_2021-01-14_3_B,TB,1/14/21,3,B,6991.3824,6512.04757,1085.03416,1083.59755,-0.44522
1/16/21 10:22,SSB,TB_2021-01-14_3_C,TB,1/14/21,3,C,6870.60205,6396.33718,1084.3495,1082.205,-0.47183
1/16/21 10:37,SSB,TB_2021-01-14_5_A,TB,1/14/21,5,A,8336.0622,7720.1284,4460.33469,4465.70645,-0.21742
1/16/21 11:03,SSB,blank,blank,NA,NA,NA,437.25086,578.59117,11.87734,-11.00931,0.11927
1/16/21 11:18,SSB,blank,blank,NA,NA,NA,354.98334,500.11717,4.13971,0,0.20495
1/16/21 11:33,SSB,TB_2021-01-14_5_B,TB,1/14/21,5,B,8757.16223,8096.65074,6640.90463,6676.11327,-0.04051
1/16/21 11:48,SSB,TB_2021-01-14_5_C,TB,1/14/21,5,C,7939.95704,7360.57509,3205.05793,3209.95158,-0.01889
1/16/21 12:03,SSB,TB_2021-01-14_7_A,TB,1/14/21,7,A,15690.85356,14371.7163,28455.05252,29297.82373,-0.4738
1/16/21 12:18,SSB,TB_2021-01-14_7_B,TB,1/14/21,7,B,14153.1906,12975.31803,25078.26953,25768.97547,-0.40341
1/16/21 12:33,SSB,TB_2021-01-14_7_C,TB,1/14/21,7,C,13628.5698,12493.93793,25445.67508,26151.31964,-0.22243
1/16/21 12:48,SSB,TB_2021-01-14_Air_1,TB,1/14/21,Air,1,410.72139,552.8977,86.81161,65.97375,0.3164
1/16/21 13:03,SSB,TB_2021-01-14_Air_2,TB,1/14/21,Air,2,371.81449,519.02302,26.41653,8.08834,0.22222
1/16/21 13:18,SSB,TB_2021-01-14_Air_3,TB,1/14/21,Air,3,288.61884,439.73237,13.14844,-8.87188,0.24163
1/16/21 13:34,SSB,SSB_2020-10-07_0_A,SSB,10/7/20,0,A,5230.31992,4926.86583,711.37182,702.94216,0.11347
1/16/21 13:49,SSB,SSB_2020-10-07_0_B,SSB,10/7/20,0,B,5394.55177,5068.98355,687.24809,685.44355,0.10556
1/16/21 14:04,SSB,SSB_2020-10-07_0_C,SSB,10/7/20,0,C,5210.72188,4909.53235,599.34878,593.11542,0.15512
1/16/21 14:19,SSB,SSB_2020-10-07_3_A,SSB,10/7/20,3,A,16095.34945,14731.44107,17351.85123,17725.65675,-0.2616
1/16/21 14:34,SSB,SSB_2020-10-07_3_B,SSB,10/7/20,3,B,15990.62568,14642.75112,17090.02737,17447.02268,-0.17078
1/16/21 14:49,SSB,SSB_2020-10-07_3_C,SSB,10/7/20,3,C,15669.39256,14345.94889,16915.75869,17267.67835,-0.23592
1/16/21 15:04,SSB,SSB_2020-10-07_5_A,SSB,10/7/20,5,A,16294.70158,14922.76227,23911.83263,24568.99906,-0.22256
1/16/21 15:19,SSB,SSB_2020-10-07_5_B,SSB,10/7/20,5,B,16234.33778,14862.10566,24210.49146,24875.00612,-0.32723
1/16/21 15:34,SSB,SSB_2020-10-07_5_C,SSB,10/7/20,5,C,10405.97063,9586.82378,14716.56848,14981.29622,-0.01686
1/16/21 15:49,SSB,SSB_2020-10-07_7_A,SSB,10/7/20,7,A,21650.3126,19796.30452,47394.22879,49001.02622,-0.34676
1/16/21 16:04,SSB,SSB_2020-10-07_7_B,SSB,10/7/20,7,B,21590.68803,19729.80534,45492.50014,47036.77906,-0.28596
1/16/21 16:19,SSB,SSB_2020-10-07_7_C,SSB,10/7/20,7,C,21832.78082,19957.39635,46249.98747,48013.18203,-0.26201
1/16/21 16:34,SSB,SSB_2020-10-07_Air_1,SSB,10/7/20,Air,1,393.69387,539.2014,157.30297,142.12162,-0.0218
1/16/21 16:49,SSB,SSB_2020-10-07_Air_2,SSB,10/7/20,Air,2,363.38559,504.9123,44.69531,29.89344,0.08667
1/16/21 17:04,SSB,SSB_2020-10-07_Air_3,SSB,10/7/20,Air,3,346.29918,487.93636,21.39744,2.27541,-0.0647
1/16/21 17:19,SSB,TB_2020-10-05_0_A,TB,10/5/20,0,A,4828.20595,4562.83634,1141.34965,1141.25403,-0.17591
1/16/21 17:34,SSB,TB_2020-10-05_0_B,TB,10/5/20,0,B,4784.41704,4529.06933,1108.3186,1114.202,-0.22438
1/16/21 17:49,SSB,TB_2020-10-05_0_C,TB,10/5/20,0,C,4677.17731,4436.93478,1027.84887,1027.91457,-0.10037
1/16/21 18:04,SSB,TB_2020-10-05_3_A,TB,10/5/20,3,A,12329.18879,11331.01589,6165.70114,6204.57061,-0.20427
1/16/21 18:19,SSB,TB_2020-10-05_3_B,TB,10/5/20,3,B,12514.01784,11488.00939,7019.69634,7065.63646,-0.36792
1/16/21 18:34,SSB,TB_2020-10-05_3_C,TB,10/5/20,3,C,11919.56465,10966.76659,5925.54872,5972.44228,-0.29788
1/16/21 18:49,SSB,TB_2020-10-05_5_A,TB,10/5/20,5,A,11646.30784,10703.63752,7696.91797,7772.18343,-0.50075
1/16/21 19:04,SSB,TB_2020-10-05_5_B,TB,10/5/20,5,B,11683.67911,10751.5506,7521.50414,7590.39336,-0.5648
1/16/21 19:19,SSB,TB_2020-10-05_5_C,TB,10/5/20,5,C,11771.95041,10818.22936,7187.1505,7241.07751,-0.25333
1/16/21 19:34,SSB,TB_2020-10-05_7_A,TB,10/5/20,7,A,16312.23514,14942.54817,25355.70794,26074.65409,-0.41901
1/16/21 19:49,SSB,TB_2020-10-05_7_B,TB,10/5/20,7,B,16526.05221,15137.94088,24472.64576,25143.06118,-0.29331
1/16/21 20:04,SSB,TB_2020-10-05_7_C,TB,10/5/20,7,C,16309.11594,14939.82028,24908.01264,25613.60357,-0.33606
1/16/21 20:19,SSB,TB_2020-10-05_Air_1,TB,10/5/20,Air,1,393.1022,531.62963,83.90309,63.53952,0.06427
1/16/21 20:35,SSB,TB_2020-10-05_Air_2,TB,10/5/20,Air,2,355.97158,499.90427,24.20824,5.18706,-0.00258
1/16/21 20:50,SSB,TB_2020-10-05_Air_3,TB,10/5/20,Air,3,353.46749,503.33261,12.88112,-7.32,0.10429
1/17/21 0:05,SSB,SSB_2020-07-28_7_B,SSB,7/28/20,7,B,22030.80884,20147.76194,45280.88722,46841.8406,-0.32541
1/17/21 1:20,SSB,SSB_2020-07-28_5_B,SSB,7/28/20,5,B,14564.72797,13361.78288,14087.23584,14342.28069,-0.33254
1/17/21 2:05,SSB,SSB_2020-07-28_0_A,SSB,7/28/20,0,A,2713.67526,2660.38999,43.53484,25.50297,-0.07371
1/17/21 2:20,SSB,SSB_2020-07-28_3_B,SSB,7/28/20,3,B,14417.58749,13217.49351,12324.47806,12516.06327,-0.33468
1/17/21 2:35,SSB,SSB_2020-07-23_Air_2,SSB,7/23/20,Air,2,374.60043,517.8216,37.31588,18.0956,-0.00247
1/17/21 2:51,SSB,SSB_2020-07-28_7_C,SSB,7/28/20,7,C,21866.91862,20005.9591,42418.88781,43866.31347,-0.35559
1/17/21 3:51,SSB,TB_2020-08-04_Air_1,TB,8/4/20,Air,1,340.1457,486.41356,7.12244,0,0.01212
1/17/21 4:21,SSB,SSB_2020-07-28_0_B,SSB,7/28/20,0,B,2813.2707,2748.85404,43.20737,22.40612,0.05892
1/17/21 4:36,SSB,TB_2020-08-04_0_A,TB,8/4/20,0,A,4102.5496,3918.82617,211.20811,200.50515,-0.28654
1/17/21 4:51,SSB,TB_2020-08-04_Air_2,TB,8/4/20,Air,2,347.33699,495.33505,3.37319,0,0.08058
1/17/21 5:06,SSB,SSB_2020-07-23_Air_3,SSB,7/23/20,Air,3,615.88022,743.68422,598.29183,592.65411,0.00569
1/17/21 5:21,SSB,SSB_2020-07-28_Air_3,SSB,7/28/20,Air,3,340.64318,486.18034,5.39382,0,0.03451
1/17/21 6:21,SSB,TB_2020-08-04_Air_3,TB,8/4/20,Air,3,405.2434,546.17916,6.16543,0,-0.19827
1/17/21 6:36,SSB,SSB_2020-07-28_5_C,SSB,7/28/20,5,C,14752.10239,13536.15212,14516.06313,14804.69039,-0.37978
1/17/21 7:21,SSB,SSB_2020-07-28_3_A,SSB,7/28/20,3,A,14427.63881,13233.83725,12128.93812,12332.77022,-0.4065
1/17/21 7:36,SSB,SSB_2020-07-23_5_B,SSB,7/23/20,5,B,14190.86781,13023.82512,14055.75939,14322.80053,-0.45638
1/17/21 7:52,SSB,SSB_2020-07-28_Air_2,SSB,7/28/20,Air,2,379.84956,521.14796,60.07996,43.03609,-0.19061
1/17/21 8:52,SSB,SSB_2020-07-28_7_A,SSB,7/28/20,7,A,21389.47541,19571.88589,41264.07468,42847.19646,-0.41318
1/17/21 9:07,SSB,SSB_2020-07-28_5_A,SSB,7/28/20,5,A,14915.57025,13677.07248,14711.436,15133.16057,-0.37906
1/17/21 9:22,SSB,TB_2020-08-04_0_B,TB,8/4/20,0,B,4092.57426,3905.3192,290.36679,280.08349,-0.29996
1/17/21 9:37,SSB,SSB_2020-07-28_0_C,SSB,7/28/20,0,C,2820.16955,2759.88178,60.727,41.83911,-0.0895
1/17/21 9:52,SSB,SSB_2020-07-28_Air_1,SSB,7/28/20,Air,1,852.65743,961.41844,1028.46389,1032.96537,-0.08359
1/17/21 10:07,SSB,SSB_2020-07-28_3_C,SSB,7/28/20,3,C,14342.40788,13165.3724,11590.34917,11803.02407,-0.55782
1/17/21 10:22,SSB,TB_2020-08-04_0_C,TB,8/4/20,0,C,4012.55126,3833.30209,211.85173,203.94885,-0.22936
1/17/21 10:37,SSB,TB_2020-07-07_0_C,TB,7/7/20,0,C,1689.33043,1733.62778,58.93479,43.59978,-0.11589
1/17/21 10:52,SSB,SSB_2020-07-11_3_C,SSB,7/11/20,3,C,14159.50764,12989.05415,10680.49913,10826.24147,-0.46259
1/17/21 11:37,SSB,SSB_2020-06-18_Air_3,SSB,6/18/20,Air,3,348.12932,485.98857,6.53984,0,-0.14154
1/17/21 11:53,SSB,TB_2020-06-24_3_B,TB,6/24/20,3,B,10460.43201,9649.52205,4565.74012,4589.07445,-0.44391
1/17/21 12:19,SSB,blank,blank,NA,NA,NA,471.04205,614.97433,11.72464,-11.14621,-0.13099
1/17/21 12:35,SSB,blank,blank,NA,NA,NA,381.72668,527.65645,3.38418,0,0.27108
1/17/21 12:50,SSB,TB_2020-06-24_5_B,TB,6/24/20,5,B,10923.3526,10077.4236,5958.77536,6003.8031,-0.04495
1/17/21 13:05,SSB,SSB_2020-06-25_5_A,SSB,6/25/20,5,A,12948.23469,11892.72636,10630.27645,10776.97134,0.24319
1/17/21 13:50,SSB,TB_2020-06-30_Air_3,TB,6/30/20,Air,3,366.11942,516.77538,7.91158,0,0.48133
1/17/21 14:05,SSB,TB_2020-06-30_Air_2,TB,6/30/20,Air,2,547.71627,682.13171,209.76806,192.82399,0.25069
1/17/21 14:20,SSB,TB_2020-06-05_0_A,TB,6/5/20,0,A,1439.87738,1514.70717,19.64019,-1.21545,0.48397
1/17/21 14:35,SSB,TB_2020-06-05_0_B,TB,6/5/20,0,B,1438.9361,1511.39097,22.6535,2.70911,0.23699
1/17/21 14:50,SSB,SSB_2020-06-18_Air_2,SSB,6/18/20,Air,2,356.22733,506.29818,2.8487,0,0.28338
1/17/21 15:05,SSB,TB_2020-06-24_3_A,TB,6/24/20,3,A,10563.40438,9747.28869,4652.92449,4685.10857,0.05623
1/17/21 15:20,SSB,TB_2020-06-24_5_C,TB,6/24/20,5,C,10768.47921,9932.74824,5978.54082,6025.73187,0.01248
1/17/21 15:35,SSB,SSB_2020-06-25_0_C,SSB,6/25/20,0,C,2086.32168,2091.98089,60.98894,44.38147,0.33057
1/17/21 16:20,SSB,TB_2020-06-30_Air_1,TB,6/30/20,Air,1,380.6683,525.72613,4.42782,0,0.25505
1/17/21 16:35,SSB,SSB_2020-07-02_Air_3,SSB,7/2/20,Air,3,596.62187,723.04144,463.33802,618.34121,0.18455
1/17/21 17:35,SSB,TB_2020-06-24_3_C,TB,6/24/20,3,C,10701.63888,9867.05231,4776.87721,4832.99372,-0.14287
1/17/21 17:50,SSB,TB_2020-06-24_5_A,TB,6/24/20,5,A,10868.80071,10017.41503,6030.29245,6085.17836,-0.27447
1/17/21 18:05,SSB,SSB_2020-06-25_3_C,SSB,6/25/20,3,C,12573.39974,11562.70441,8209.97323,8306.28382,-0.24648
1/17/21 18:50,SSB,TB_2020-06-30_7_B,TB,6/30/20,7,B,16560.12622,15181.28311,18510.46714,19337.19313,-0.2563
1/17/21 19:05,SSB,SSB_2020-07-02_Air_2,SSB,7/2/20,Air,2,393.43812,542.95478,55.75334,41.68611,0.00402
1/17/21 20:05,SSB,TB_2020-06-24_0_B,TB,6/24/20,0,B,2493.60723,2467.65528,49.44501,31.57474,-0.18852
1/17/21 20:20,SSB,TB_2020-06-24_Air_2,TB,6/24/20,Air,2,359.74771,506.28396,3.71611,0,-0.07448
1/17/21 20:35,SSB,SSB_2020-06-25_3_A,SSB,6/25/20,3,A,12150.3453,11178.91421,7344.31696,7416.71413,-0.55298
1/17/21 21:20,SSB,TB_2020-06-30_7_A,TB,6/30/20,7,A,16982.361,15582.78586,21572.96982,22144.69935,-0.48377
1/17/21 21:35,SSB,SSB_2020-07-02_5_B,SSB,7/2/20,5,B,14031.81825,12891.84291,12144.66552,12435.29428,-0.49984
1/17/21 22:35,SSB,TB_2020-06-24_0_C,TB,6/24/20,0,C,2498.17179,2467.22989,50.63144,31.88534,-0.17006
1/17/21 22:50,SSB,TB_2020-06-24_Air_1,TB,6/24/20,Air,1,364.57714,508.56248,6.07929,0,-0.28835
1/17/21 23:05,SSB,SSB_2020-06-25_7_C,SSB,6/25/20,7,C,19736.9751,18073.29638,38628.94705,39962.02684,-0.4391
1/17/21 23:50,SSB,TB_2020-06-30_7_C,TB,6/30/20,7,C,16606.87551,15233.86293,18894.22495,19360.46625,-0.32185
1/18/21 0:05,SSB,SSB_2020-07-02_7_B,SSB,7/2/20,7,B,20278.43705,18578.49326,34917.94093,36314.2787,-0.48283
1/18/21 0:20,SSB,SSB_2020-07-02_0_B,SSB,7/2/20,0,B,1750.91293,1793.65667,178.6184,169.26569,-0.13741
1/18/21 1:05,SSB,TB_2020-06-24_0_A,TB,6/24/20,0,A,2540.5277,2512.09208,54.79244,40.94295,-0.37628
1/18/21 1:20,SSB,TB_2020-06-24_Air_3,TB,6/24/20,Air,3,530.47793,673.58686,216.14911,204.88872,-0.24364
1/18/21 1:35,SSB,SSB_2020-06-25_7_A,SSB,6/25/20,7,A,19767.33257,18093.9351,38771.26041,40110.49811,-0.63498
1/18/21 2:20,SSB,TB_2020-06-30_5_C,TB,6/30/20,5,C,11722.10108,10793.54474,6024.36617,6274.90785,-0.46251
1/18/21 2:35,SSB,SSB_2020-07-02_3_A,SSB,7/2/20,3,A,14236.44602,13075.50621,11284.94981,11660.87017,-0.51752
1/18/21 2:50,SSB,SSB_2020-07-02_5_C,SSB,7/2/20,5,C,14387.5066,13203.70132,12544.8136,12955.10622,-0.42359
1/18/21 3:51,SSB,TB_2020-06-24_7_B,TB,6/24/20,7,B,15888.86776,14565.80521,20965.19567,21517.43507,-0.31924
1/18/21 4:06,SSB,SSB_2020-06-25_5_C,SSB,6/25/20,5,C,12739.03373,11707.75966,10870.57131,11030.81216,-0.48754
1/18/21 4:21,SSB,SSB_2020-06-25_0_B,SSB,6/25/20,0,B,2429.52232,2408.20578,92.51432,77.59616,-0.16129
1/18/21 4:36,SSB,TB_2020-06-30_0_B,TB,6/30/20,0,B,1355.22864,1430.67258,43.01532,31.53965,-0.04046
1/18/21 4:51,SSB,TB_2020-06-30_5_B,TB,6/30/20,5,B,10862.55419,10010.76556,6076.41318,6297.62234,-0.58808
1/18/21 5:06,SSB,SSB_2020-07-02_5_A,SSB,7/2/20,5,A,14132.49503,12975.64469,11957.06227,12306.28245,-0.6222
1/18/21 5:21,SSB,SSB_2020-07-02_3_C,SSB,7/2/20,3,C,14194.34188,13040.00756,10714.24804,11043.55505,-0.50905
1/18/21 6:21,SSB,TB_2020-06-24_7_A,TB,6/24/20,7,A,15836.10281,14522.69213,19790.68323,20429.92555,-0.50904
1/18/21 6:36,SSB,SSB_2020-06-25_7_B,SSB,6/25/20,7,B,19793.21237,18124.6049,35765.12938,37167.5334,-0.61363
1/18/21 6:51,SSB,SSB_2020-06-25_0_A,SSB,6/25/20,0,A,2410.42238,2390.37661,215.00246,200.46834,-0.36427
1/18/21 7:06,SSB,TB_2020-06-30_0_A,TB,6/30/20,0,A,1318.36455,1392.60978,50.17148,33.55629,-0.35065
1/18/21 7:21,SSB,TB_2020-06-30_5_A,TB,6/30/20,5,A,11118.90493,10247.57221,5933.00298,6013.4198,-0.64151
1/18/21 7:36,SSB,SSB_2020-07-02_Air_1,SSB,7/2/20,Air,1,372.72992,518.44324,23.29925,5.08697,-0.34809
1/18/21 7:51,SSB,SSB_2020-07-02_3_B,SSB,7/2/20,3,B,14150.31459,12989.91063,10277.19169,10590.50839,-0.46518
1/18/21 8:51,SSB,TB_2020-06-24_7_C,TB,6/24/20,7,C,15816.85912,14505.25951,19272.65715,19807.24328,-0.56847
1/18/21 9:06,SSB,SSB_2020-06-25_Air_1,SSB,6/25/20,Air,1,369.98432,518.53994,51.39191,32.51288,-0.25684
1/18/21 9:21,SSB,SSB_2020-06-25_3_B,SSB,6/25/20,3,B,12295.79616,11323.97881,7796.19774,7877.52479,-0.58758
1/18/21 9:36,SSB,TB_2020-06-30_0_C,TB,6/30/20,0,C,1346.18151,1419.5002,50.67129,30.01366,-0.17131
1/18/21 9:51,SSB,TB_2020-06-30_3_C,TB,6/30/20,3,C,11925.63909,10980.60509,5207.66546,5269.39767,-0.57498
1/18/21 10:06,SSB,SSB_2020-07-02_0_A,SSB,7/2/20,0,A,1704.5474,1744.48244,39.33468,24.90362,-0.42824
1/18/21 10:21,SSB,SSB_2020-07-02_0_C,SSB,7/2/20,0,C,1738.18861,1781.666,83.74612,210.82762,-0.33172
1/18/21 11:21,SSB,SSB_2020-06-25_Air_3,SSB,6/25/20,Air,3,586.88975,715.80853,469.0931,477.57658,-0.32758
1/18/21 11:36,SSB,SSB_2020-06-25_5_B,SSB,6/25/20,5,B,11960.92984,11019.60888,11117.24041,11315.96262,-0.62232
1/18/21 11:51,SSB,SSB_2020-06-25_Air_2,SSB,6/25/20,Air,2,361.54749,511.52398,34.46938,14.51098,-0.32299
1/18/21 12:06,SSB,TB_2020-06-30_3_A,TB,6/30/20,3,A,11719.32768,10795.83219,5054.88921,5102.8835,-0.76698
1/18/21 12:21,SSB,TB_2020-06-30_3_B,TB,6/30/20,3,B,11835.66306,10899.10011,5273.2463,5332.84235,-0.57351
1/18/21 12:36,SSB,SSB_2020-07-02_7_C,SSB,7/2/20,7,C,17827.29763,16336.33273,32587.95998,33897.68489,-0.5825
1/18/21 12:51,SSB,SSB_2020-07-02_7_A,SSB,7/2/20,7,A,20434.89754,18730.08462,35480.92682,36889.24215,-0.59524
1/18/21 15:12,SSB,TB_2020-06-18_Air_3,TB,6/18/20,Air,3,356.01655,499.26679,3.84895,0,-0.51783
1/18/21 15:27,SSB,SSB_2020-06-18_Air_1,SSB,6/18/20,Air,1,435.19147,576.90788,107.07753,91.51935,-0.4791
1/18/21 15:42,SSB,TB_2020-06-11_Air_2,TB,6/11/20,Air,2,351.14773,496.75871,3.04693,0,-0.49747
1/18/21 15:57,SSB,TB_2020-06-05_7_A,TB,6/5/20,7,A,14443.79019,13276.55134,14657.8719,14945.98035,-0.8693
1/18/21 16:13,SSB,TB_2020-06-05_7_C,TB,6/5/20,7,C,14406.82453,13237.3635,13382.43592,13607.88619,-0.79541
1/18/21 17:43,SSB,TB_2020-06-18_Air_2,TB,6/18/20,Air,2,362.32831,503.75679,6.89464,0,-0.49706
1/18/21 17:58,SSB,SSB_2020-06-18_5_C,SSB,6/18/20,5,C,13809.8713,12702.40368,13186.39979,13483.73822,-0.61321
1/18/21 18:13,SSB,TB_2020-06-11_Air_1,TB,6/11/20,Air,1,410.52435,554.70735,36.13065,16.59837,-0.37106
1/18/21 18:28,SSB,TB_2020-06-05_7_B,TB,6/5/20,7,B,14400.81479,13233.35334,13838.18094,14304.66806,-0.71008
1/18/21 18:43,SSB,TB_2020-06-05_5_B,TB,6/5/20,5,B,10737.51952,9914.25478,6742.71371,6821.16845,-0.78195
1/18/21 20:13,SSB,TB_2020-06-18_Air_1,TB,6/18/20,Air,1,568.66758,705.46093,235.43935,224.63462,-0.34696
1/18/21 20:28,SSB,SSB_2020-06-18_5_B,SSB,6/18/20,5,B,13560.49748,12484.29973,12421.61694,12815.48836,-0.55746
1/18/21 20:43,SSB,TB_2020-06-11_Air_3,TB,6/11/20,Air,3,589.50853,718.80213,227.06783,211.58055,-0.28997
1/18/21 21:13,SSB,TB_2020-06-05_5_A,TB,6/5/20,5,A,10655.85763,9851.77469,6443.65955,6517.50072,-0.50946
1/18/21 22:43,SSB,TB_2020-06-18_7_C,TB,6/18/20,7,C,15595.00428,14321.37559,17093.13543,17494.01618,-0.79527
1/18/21 22:58,SSB,SSB_2020-06-18_5_A,SSB,6/18/20,5,A,14273.82565,13125.86927,14940.52642,15432.78353,-0.58157
1/18/21 23:13,SSB,TB_2020-06-11_7_B,TB,6/11/20,7,B,12735.94383,11731.93113,12808.78911,13080.3764,-0.69669
1/18/21 23:43,SSB,TB_2020-06-05_5_C,TB,6/5/20,5,C,10634.89544,9825.89027,6425.75836,6496.90066,-0.58291
1/19/21 1:13,SSB,TB_2020-06-18_7_B,TB,6/18/20,7,B,15669.54518,14398.5986,16397.9071,16787.04989,-0.72036
1/19/21 1:29,SSB,SSB_2020-06-18_3_C,SSB,6/18/20,3,C,12958.83214,11936.64432,8491.39924,8616.39834,-0.66521
1/19/21 1:44,SSB,TB_2020-06-11_7_C,TB,6/11/20,7,C,12918.88439,11898.95897,13233.08971,13669.24233,-0.58508
1/19/21 2:14,SSB,TB_2020-06-05_3_B,TB,6/5/20,3,B,10220.18472,9458.59211,4643.69726,4688.99632,-0.4826
1/19/21 3:29,SSB,TB_2020-06-16_0_C,TB,6/16/20,0,C,1431.43072,1498.82783,20.8583,2.22767,-0.29317
1/19/21 3:44,SSB,TB_2020-06-18_7_A,TB,6/18/20,7,A,15382.84483,14142.8483,16924.40196,17332.94065,-0.57492
1/19/21 3:59,SSB,SSB_2020-06-18_3_B,SSB,6/18/20,3,B,12863.30435,11849.96798,7916.83091,8025.99492,-0.55627
1/19/21 4:14,SSB,TB_2020-06-11_7_A,TB,6/11/20,7,A,13014.68031,11988.93973,13128.689,13461.32974,-0.77584
1/19/21 4:29,SSB,TB_2020-06-11_0_C,TB,6/11/20,0,C,1867.31684,1901.08792,98.10038,84.57903,-0.4712
1/19/21 4:44,SSB,TB_2020-06-05_3_A,TB,6/5/20,3,A,10247.48693,9478.92285,4895.96388,4939.43083,-0.60371
1/19/21 5:59,SSB,TB_2020-06-18_0_B,TB,6/18/20,0,B,1395.45499,1475.99958,20.98253,2.83105,-0.29607
1/19/21 6:14,SSB,TB_2020-06-18_5_C,TB,6/18/20,5,C,11163.70735,10311.39633,5932.52927,5997.28498,-0.89009
1/19/21 6:29,SSB,SSB_2020-06-18_3_A,SSB,6/18/20,3,A,12814.81211,11800.92864,7755.08816,7863.82535,-0.7373
1/19/21 6:44,SSB,TB_2020-06-11_5_B,TB,6/11/20,5,B,10280.21715,9495.55953,5916.35538,6143.96855,-0.62574
1/19/21 6:59,SSB,TB_2020-06-11_0_A,TB,6/11/20,0,A,2011.72542,2032.80685,76.40781,64.38276,-0.51535
1/19/21 7:14,SSB,TB_2020-06-05_3_C,TB,6/5/20,3,C,10286.42502,9525.00394,4710.13481,4758.72846,-0.76746
1/19/21 8:30,SSB,TB_2020-06-18_0_A,TB,6/18/20,0,A,1399.17177,1479.20324,18.64091,1.47187,-0.3394
1/19/21 8:45,SSB,TB_2020-06-18_5_B,TB,6/18/20,5,B,11075.88436,10237.26687,5858.23628,5929.23069,-0.82399
1/19/21 9:00,SSB,SSB_2020-06-18_0_C,SSB,6/18/20,0,C,1566.45808,1622.83685,40.90342,22.79495,-0.38717
1/19/21 9:15,SSB,TB_2020-06-11_5_C,TB,6/11/20,5,C,10308.43183,9544.46479,6389.36601,6554.05844,-0.70244
1/19/21 9:30,SSB,TB_2020-06-11_0_B,TB,6/11/20,0,B,1986.43769,2007.88657,71.33266,57.33086,-0.62386
1/19/21 9:45,SSB,TB_2020-06-05_0_A,TB,6/5/20,0,A,1436.65415,1507.54576,20.7592,-0.75817,-0.3946
1/19/21 11:00,SSB,TB_2020-06-18_3_A,TB,6/18/20,3,A,11354.6206,10498.34576,4882.26839,4974.61901,-0.55033
1/19/21 11:15,SSB,TB_2020-06-18_5_A,TB,6/18/20,5,A,11143.65824,10304.81552,5753.31864,5817.87565,-0.71271
1/19/21 11:30,SSB,SSB_2020-06-18_0_B,SSB,6/18/20,0,B,1642.24611,1697.91582,128.51526,116.64505,-0.37994
1/19/21 11:46,SSB,TB_2020-06-11_5_A,TB,6/11/20,5,A,10371.51489,9600.55421,6454.34365,6538.95322,-0.81592
1/19/21 12:01,SSB,TB_2020-06-11_3_C,TB,6/11/20,3,C,10204.36054,9448.71054,4763.03638,4943.37553,-0.77335
1/19/21 12:16,SSB,TB_2020-06-11_3_B,TB,6/11/20,3,B,9511.37866,8820.08524,4552.77166,4609.9115,-0.72899
1/19/21 13:31,SSB,TB_2020-06-18_3_B,TB,6/18/20,3,B,11128.08962,10283.80017,4927.48738,5009.36717,-0.74209
1/19/21 13:46,SSB,TB_2020-06-18_3_C,TB,6/18/20,3,C,10911.44451,10086.63559,4524.9157,4565.73991,-0.52365
1/19/21 14:01,SSB,SSB_2020-06-18_0_A,SSB,6/18/20,0,A,1456.48634,1532.92557,78.62254,64.08826,-0.63149
1/19/21 14:16,SSB,TB_2020-06-11_3_A,TB,6/11/20,3,A,10016.07228,9276.80956,4496.85521,4558.20369,-0.67954
1/19/21 14:31,SSB,SSB_2020-07-11_0_A,SSB,7/11/20,0,A,1726.786,1777.39825,84.4547,71.36103,-0.61935
1/19/21 14:46,SSB,SSB_2020-07-11_7_A,SSB,7/11/20,7,A,22486.17214,20655.6481,47008.09498,48839.03842,-0.54764
1/19/21 16:21,SSB,SSB_2020-07-11_0_C,SSB,7/11/20,0,C,1959.52106,1987.00652,82.89985,66.44886,-0.79714
1/19/21 17:06,SSB,SSB_2020-07-16_3_B,SSB,7/16/20,3,B,13979.98044,12881.95647,10515.24648,10686.46371,-1.12303
1/19/21 17:21,SSB,SSB_2020-07-16_Air_2,SSB,7/16/20,Air,2,361.84866,511.4602,32.13572,9.68681,-0.83876
1/19/21 18:06,SSB,SSB_2020-07-23_5_C,SSB,7/23/20,5,C,14181.30514,13061.41418,14514.02378,14829.38585,-1.22023
1/19/21 18:21,SSB,TB_2020-07-07_0_B,TB,7/7/20,0,B,1712.17572,1770.86092,84.4217,64.18834,-0.91554
1/19/21 18:36,SSB,SSB_2020-07-11_7_C,SSB,7/11/20,7,C,22279.29473,20477.26058,45273.82794,46936.56845,-1.18917
1/19/21 18:52,SSB,SSB_2020-7-11_5_A,SSB,7/11/20,5,A,14572.05099,13416.41817,13590.95898,13872.6471,-1.17465
1/19/21 19:37,SSB,SSB_2020-07-16_Air_3,SSB,7/16/20,Air,3,889.24792,1010.08195,1177.60252,1189.28173,-0.98321
1/19/21 19:52,SSB,SSB_2020-07-16_0_B,SSB,7/16/20,0,B,2353.37618,2348.16958,92.64413,76.79088,-0.88257
1/19/21 20:37,SSB,SSB_2020-07-23_7_A,SSB,7/23/20,7,A,21106.71199,19396.98359,44391.39883,46141.91125,-1.09096
1/19/21 20:52,SSB,TB_2020-07-07_0_A,TB,7/7/20,0,A,1781.48541,1820.34881,163.18554,150.16171,-0.74743
1/19/21 21:07,SSB,SSB_2020-07-11_3_A,SSB,7/11/20,3,A,13520.23773,12468.45168,10498.63287,10697.62423,-1.0129
1/19/21 21:22,SSB,SSB_2020-07-11_Air_3,SSB,7/11/20,Air,3,714.38426,840.03654,699.3486,715.41413,-0.62061
1/19/21 21:52,SSB,TB_2020-07-16_0_B,TB,7/16/20,0,B,3025.92236,2967.60767,59.91724,56.31966,-0.69162
1/19/21 22:08,SSB,SSB_2020-07-16_7_A,SSB,7/16/20,7,A,21667.57775,19896.46101,44444.31695,46205.96966,-1.04608
1/19/21 22:23,SSB,SSB_2020-07-16_Air_1,SSB,7/16/20,Air,1,391.7281,540.42192,138.65702,125.74925,-0.69231
1/19/21 23:08,SSB,SSB_2020-07-23_7_B,SSB,7/23/20,7,B,20878.53949,19181.36537,43471.05092,45141.42713,-0.99076
1/19/21 23:23,SSB,TB_2020-07-07_3_A,TB,7/7/20,3,A,11754.49033,10850.67428,5238.06253,5304.83319,-0.85378
1/19/21 23:38,SSB,SSB_2020-07-16_7_C,SSB,7/16/20,7,C,21510.42746,19758.21816,42647.11967,44252.85887,-0.83547
1/20/21 0:08,SSB,TB_2020-07-16_0_A,TB,7/16/20,0,A,2953.75391,2888.90533,85.92181,189.9273,-0.71144
1/20/21 0:23,SSB,TB_2020-07-16_Air_1,TB,7/16/20,Air,1,339.44256,488.21914,21.26906,3.22219,-0.51579
1/20/21 0:38,SSB,SSB_2020-07-16_7_B,SSB,7/16/20,7,B,21627.46334,19871.21285,43447.92103,45206.92871,-0.92448
1/20/21 1:09,SSB,TB_2020-07-22_0_A,TB,7/22/20,0,A,2842.53729,2785.78002,112.34287,113.80416,-0.55906
1/20/21 1:24,SSB,SSB_2020-07-23_3_B,SSB,7/23/20,3,B,13491.23159,12437.8802,10473.82903,10791.16258,-0.73033
1/20/21 1:39,SSB,TB_2020-07-07_3_C,TB,7/7/20,3,C,11683.31301,10796.27506,5195.14817,5259.81088,-0.6718
1/20/21 1:54,SSB,SSB_2020-07-11_3_B,SSB,7/11/20,3,B,12481.52727,11525.62119,9546.95199,9713.64478,-0.60499
1/20/21 2:09,SSB,SSB_2020-07-11_Air_1,SSB,7/11/20,Air,1,391.30247,537.72573,42.34606,25.57315,-0.64217
1/20/21 2:39,SSB,TB_2020-07-16_0_C,TB,7/16/20,0,C,3023.47295,2955.52884,59.52512,59.08554,-0.5309
1/20/21 2:54,SSB,TB_2020-07-16_Air_2,TB,7/16/20,Air,2,333.50082,483.93595,5.10252,0,-0.48148
1/20/21 3:09,SSB,SSB_2020-07-16_3_C,SSB,7/16/20,3,C,8159.50372,7601.43213,6029.88565,6116.04912,-0.56956
1/20/21 3:39,SSB,TB_2020-07-22_0_B,TB,7/22/20,0,B,2803.76033,2753.251,100.61692,85.11167,-0.29808
1/20/21 3:54,SSB,SSB_2020-07-23_3_A,SSB,7/23/20,3,A,13379.88204,12339.50735,10174.73166,10354.22657,-0.57826
1/20/21 4:10,SSB,TB_2020-07-07_3_B,TB,7/7/20,3,B,11546.76864,10669.75471,4986.02602,5044.41098,-0.64717
1/20/21 4:25,SSB,TB_2020-07-07_Air_2,TB,7/7/20,Air,2,399.92279,548.55316,26.5698,9.90941,-0.42006
1/20/21 4:40,SSB,SSB_2020-07-11_7_B,SSB,7/11/20,7,B,22312.41223,20487.48791,45949.27187,48095.52764,-0.80255
1/20/21 5:10,SSB,TB_2020-07-13_3_A,TB,7/13/20,3,A,11357.52732,10485.27841,4852.5268,5001.10793,-0.61532
1/20/21 5:25,SSB,TB_2020-07-16_Air_3,TB,7/16/20,Air,3,665.83369,790.80868,387.19057,452.47946,-0.82195
1/20/21 5:40,SSB,SSB_2020-07-16_0_A,SSB,7/16/20,0,A,1502.57948,1569.10477,55.79824,135.156,-0.46296
1/20/21 6:10,SSB,TB_2020-07-22_0_C,TB,7/22/20,0,C,2802.74405,2747.68553,78.11357,63.22201,-0.36932
1/20/21 6:25,SSB,SSB_2020-07-23_3_C,SSB,7/23/20,3,C,13419.67118,12372.35979,10574.20063,10772.2927,-0.66431
1/20/21 6:41,SSB,TB_2020-07-07_5_A,TB,7/7/20,5,A,11746.77961,10837.10881,6939.01502,7023.06506,-0.52353
1/20/21 6:56,SSB,TB_2020-07-07_Air_1,TB,7/7/20,Air,1,396.3575,542.724,27.7515,7.57757,-0.38349
1/20/21 7:11,SSB,SSB_2020-07-11_Air_2,SSB,7/11/20,Air,2,353.67178,502.80199,10.62003,18.30957,-0.59335
1/20/21 7:41,SSB,TB_2020-07-16_3_C,TB,7/16/20,3,C,11393.58249,10510.29905,5013.04807,5181.83274,-0.51969
1/20/21 7:56,SSB,TB_2020-07-16_7_B,TB,7/16/20,7,B,15529.20059,14275.03732,18150.72401,18724.45209,-0.69941
1/20/21 8:11,SSB,SSB_2020-07-16_5_B,SSB,7/16/20,5,B,13519.73945,12438.4222,12538.47964,12871.30134,-0.51908
1/20/21 8:41,SSB,TB_2020-07-22_Air_1,TB,7/22/20,Air,1,359.81277,503.97375,15.46081,-1.37938,-0.49129
1/20/21 8:57,SSB,SSB_2020-07-23_5_A,SSB,7/23/20,5,A,14203.57326,13056.68324,14626.24034,14992.30317,-0.63295
1/20/21 9:12,SSB,TB_2020-07-07_5_C,TB,7/7/20,5,C,11701.50144,10796.01422,7258.3083,7374.0927,-0.53153
1/20/21 9:27,SSB,TB_2020-07-07_Air_3,TB,7/7/20,Air,3,604.96932,738.06431,294.14011,288.52277,-0.35864
1/20/21 9:42,SSB,SSB_2020-07-11_5_C,SSB,7/11/20,5,C,14261.01087,13114.48359,13220.58326,13549.96224,-0.61436
1/20/21 10:12,SSB,TB_2020-07-16_3_B,TB,7/16/20,3,B,11433.07181,10535.49358,4962.20984,5056.5361,-0.32203
1/20/21 10:27,SSB,TB_2020-07-16_7_A,TB,7/16/20,7,A,15703.65708,14421.07743,17832.9464,18414.70684,-0.24304
1/20/21 10:42,SSB,SSB_2020-07-16_3_A,SSB,7/16/20,3,A,8360.39417,7753.69714,6228.58086,6404.45806,-0.06749
1/20/21 11:13,SSB,TB_2020-07-22_Air_2,TB,7/22/20,Air,2,357.4211,503.85633,11.69591,88.07507,0.13863
1/20/21 11:28,SSB,SSB_2020-07-23_0_C,SSB,7/23/20,0,C,4104.52422,3926.37355,171.51229,221.74656,0.17993
1/20/21 11:43,SSB,TB_2020-07-07_5_B,TB,7/7/20,5,B,11680.93693,10751.52744,6751.34959,6952.94869,-0.06962
1/20/21 11:58,SSB,TB_2020-07-07_7_B,TB,7/7/20,7,B,17283.10535,15839.64373,19621.39106,20157.25857,-0.26888
1/20/21 12:13,SSB,SSB_2020-07-11_5_B,SSB,7/11/20,5,B,14374.31026,13182.16184,13800.05455,14176.59208,-0.13685
1/20/21 12:43,SSB,TB_2020-07-16_5_B,TB,7/16/20,5,B,11097.27934,10227.32883,6384.59296,6815.23822,0.01631
1/20/21 12:58,SSB,TB_2020-07-16_7_C,TB,7/16/20,7,C,15432.69046,14160.90784,17095.64242,17586.12344,0.0332
1/20/21 13:14,SSB,SSB_2020-07-16_0_C,SSB,7/16/20,0,C,1686.47343,1737.37507,127.27264,203.92757,0.25621
1/20/21 13:44,SSB,TB_2020-07-22_Air_3,TB,7/22/20,Air,3,431.20141,577.28451,10.23665,0,0.21389
1/20/21 13:59,SSB,SSB_2020-07-23_0_A,SSB,7/23/20,0,A,4142.46295,3956.66469,181.99147,234.08048,0.02937
1/20/21 14:14,SSB,TB_2020-07-07_7_C,TB,7/7/20,7,C,16857.65903,15443.31518,18832.69572,19265.67052,-0.08277
1/20/21 14:29,SSB,TB_2020-07-07_7_A,TB,7/7/20,7,A,16708.90421,15313.70778,19169.86428,19630.67772,-0.1284
1/20/21 14:44,SSB,SSB_2020-07-11_0_B,SSB,7/11/20,0,B,1671.94098,1716.37394,137.8905,127.30401,0.04554
1/20/21 15:15,SSB,TB_2020-07-16_5_A,TB,7/16/20,5,A,11097.65013,10217.75401,6406.8536,6576.77983,-0.22233
1/20/21 15:30,SSB,TB_2020-07-16_5_C,TB,7/16/20,5,C,10921.01008,10056.88483,6002.36572,6145.27079,-0.33937
1/20/21 15:45,SSB,SSB_2020-07-16_5_C,SSB,7/16/20,5,C,9020.07258,8336.78904,8005.23079,8104.15713,-0.2111
1/20/21 16:00,SSB,SSB_2020-07-16_5_A,SSB,7/16/20,5,A,13940.80898,12801.62772,12776.97801,13023.91517,-0.15197
1/20/21 16:15,SSB,SSB_2020-07-23_Air_3,SSB,7/23/20,Air,3,371.3262,515.23714,44.77353,129.20618,0.09155
1/20/21 16:30,SSB,SBB_2020-07-23_0_B,SBB,7/23/20,0,B,4138.0702,3952.63746,180.22688,240.64289,-0.14191
1/20/21 16:46,SSB,SSB_2020-07-23_7_C,SSB,7/23/20,7,C,20876.18522,19108.64211,43897.29912,45472.77157,-0.52952