lake,date,depth,barometricPressure,waterTemp,headspaceTemp,dissolvedCO2,concentrationCO2Air,dissolvedCH4,concentrationCH4Air,dissolvedN2O,concentrationN2OAir
TB,1/30/20,0,101.786,0.2,0.2,0.000612,368.01619,2.44E-05,1.43888,-1.26E-09,0.43018
TB,1/30/20,0,101.786,0.2,0.2,0.000623,368.01619,2.63E-05,1.43888,-1.26E-09,0.43018
TB,1/30/20,0,101.786,0.2,0.2,0.000597,368.01619,2.60E-05,1.43888,-1.26E-09,0.43018
TB,1/30/20,3,101.786,3.9,3.9,0.000632,368.01619,3.77E-05,1.43888,-1.26E-09,0.43018
TB,1/30/20,3,101.786,3.9,3.9,0.000656,368.01619,3.81E-05,1.43888,-1.26E-09,0.43018
TB,1/30/20,3,101.786,3.9,3.9,0.000655,368.01619,3.74E-05,1.43888,-1.26E-09,0.43018
TB,1/30/20,5,101.786,4,4,0.000667,368.01619,4.40E-05,1.43888,-1.26E-09,0.43018
TB,1/30/20,5,101.786,4,4,0.000668,368.01619,4.91E-05,1.43888,-1.26E-09,0.43018
TB,1/30/20,5,101.786,4,4,0.000683,368.01619,5.36E-05,1.43888,-1.26E-09,0.43018
TB,1/30/20,7,101.786,4.2,4.2,0.00117,368.01619,0.000645,1.43888,-1.26E-09,0.43018
TB,1/30/20,7,101.786,4.2,4.2,0.00117,368.01619,0.000473,1.43888,-1.26E-09,0.43018
SSB,1/31/20,0,101.786,4.2,4.2,0.000544,378.53013,1.64E-05,1.427596667,1.17E-09,0.42256
SSB,1/31/20,0,100.847,0.2,0.2,0.000545,378.53013,1.53E-05,1.427596667,1.53E-09,0.42256
SSB,1/31/20,0,100.847,0.2,0.2,0.000538,378.53013,1.34E-05,1.427596667,1.95E-09,0.42256
SSB,1/31/20,3,100.847,0.2,0.2,0.000628,378.53013,4.12E-05,1.427596667,-1.23E-09,0.42256
SSB,1/31/20,3,100.847,3.7,3.7,0.000628,378.53013,3.98E-05,1.427596667,-1.23E-09,0.42256
SSB,1/31/20,3,100.847,3.7,3.7,0.00062,378.53013,3.76E-05,1.427596667,-1.23E-09,0.42256
SSB,1/31/20,5,100.847,3.7,3.7,0.000696,378.53013,8.13E-05,1.427596667,-1.23E-09,0.42256
SSB,1/31/20,5,100.847,4,4,0.000697,378.53013,7.37E-05,1.427596667,-1.23E-09,0.42256
SSB,1/31/20,5,100.847,4,4,0.000707,378.53013,8.91E-05,1.427596667,-1.23E-09,0.42256
SSB,1/31/20,7,100.847,4,4,0.00122,378.53013,0.00044,1.427596667,-1.23E-09,0.42256
SSB,1/31/20,7,100.847,4.1,4.1,0.00122,378.53013,0.000417,1.427596667,-1.23E-09,0.42256
SSB,1/31/20,7,100.847,4.1,4.1,0.00122,378.53013,0.000415,1.427596667,-1.23E-09,0.42256
TB,1/10/20,3,100.847,4.1,4.1,0.000672,368.99791,3.65E-05,1.427596667,-1.24E-09,0.42611
TB,1/10/20,3,96.165,0.7,0.7,0.000639,368.99791,3.84E-05,1.427596667,-1.24E-09,0.42611
TB,1/10/20,3,96.165,0.7,0.7,0.000686,368.99791,3.31E-05,1.427596667,-1.24E-09,0.42611
TB,1/10/20,5,96.165,0.7,0.7,0.000644,368.99791,3.51E-05,1.427596667,-1.24E-09,0.42611
TB,1/10/20,5,96.165,3.6,3.6,0.000653,368.99791,3.10E-05,1.427596667,-1.24E-09,0.42611
TB,1/10/20,5,96.165,3.6,3.6,0.000669,368.99791,3.53E-05,1.427596667,-1.24E-09,0.42611
TB,1/10/20,7,96.165,3.6,3.6,0.000728,368.99791,7.64E-05,1.427596667,-1.24E-09,0.42611
TB,1/10/20,7,96.165,3.8,3.8,0.000782,368.99791,0.000125,1.427596667,-1.24E-09,0.42611
TB,1/10/20,7,96.165,3.8,3.8,0.000858,368.99791,0.000206,1.427596667,-1.24E-09,0.42611
SSB,1/9/20,0,96.165,3.8,3.8,0.000473,365.88092,3.87E-05,1.427596667,7.22E-09,0.43414
SSB,1/9/20,0,96.165,4.1,4.1,0.000441,365.88092,3.58E-05,1.427596667,8.62E-09,0.43414
SSB,1/9/20,0,96.165,4.1,4.1,0.000471,365.88092,4.57E-05,1.427596667,9.68E-09,0.43414
SSB,1/9/20,3,96.165,4.1,4.1,0.000607,365.88092,4.96E-05,1.427596667,-1.27E-09,0.43414
SSB,1/9/20,3,95.726,0.8,0.8,0.000561,365.88092,4.26E-05,1.427596667,-1.27E-09,0.43414
SSB,1/9/20,3,95.726,0.8,0.8,0.000619,365.88092,4.11E-05,1.427596667,-1.27E-09,0.43414
SSB,1/9/20,5,95.726,0.8,0.8,0.000659,365.88092,7.63E-05,1.427596667,-1.27E-09,0.43414
SSB,1/9/20,5,95.726,3.7,3.7,0.000636,365.88092,8.12E-05,1.427596667,-1.27E-09,0.43414
SSB,1/9/20,5,95.726,3.7,3.7,0.000676,365.88092,8.92E-05,1.427596667,-1.27E-09,0.43414
SSB,1/9/20,7,95.726,3.7,3.7,0.00176,365.88092,0.00135,1.427596667,-1.27E-09,0.43414
SSB,1/9/20,7,95.726,4,4,0.00189,365.88092,0.00124,1.427596667,-1.27E-09,0.43414
SSB,1/9/20,7,95.726,4,4,0.00193,365.88092,0.00125,1.427596667,-1.27E-09,0.43414
SSB,2/14/20,0,95.726,4,4,0.00053,371.99542,1.24E-05,1.427596667,1.03E-08,0.44982
SSB,2/14/20,0,95.726,4.2,4.2,0.000523,371.99542,1.43E-05,1.427596667,1.12E-08,0.44982
SSB,2/14/20,0,95.726,4.2,4.2,0.000531,371.99542,1.34E-05,1.427596667,1.12E-08,0.44982
SSB,2/14/20,3,95.726,4.2,4.2,0.000651,371.99542,6.01E-05,1.427596667,-1.31E-09,0.44982
SSB,2/14/20,3,94.926,1.9,1.9,0.000644,371.99542,5.68E-05,1.427596667,-1.31E-09,0.44982
SSB,2/14/20,3,94.926,1.9,1.9,0.000682,371.99542,5.84E-05,1.427596667,-1.31E-09,0.44982
SSB,2/14/20,5,94.926,1.9,1.9,0.000815,371.99542,0.000169,1.427596667,5.42E-09,0.44982
SSB,2/14/20,5,94.926,4,4,0.000838,371.99542,0.00017,1.427596667,-1.31E-09,0.44982
SSB,2/14/20,5,94.926,4,4,0.000792,371.99542,0.000168,1.427596667,-1.31E-09,0.44982
SSB,2/14/20,7,94.926,4,4,0.00142,371.99542,0.000641,1.427596667,-1.31E-09,0.44982
SSB,2/14/20,7,94.926,4.1,4.1,0.0014,371.99542,0.000617,1.427596667,-1.31E-09,0.44982
SSB,2/14/20,7,94.926,4.1,4.1,0.00144,371.99542,0.000665,1.427596667,-1.31E-09,0.44982
TB,2/15/20,0,94.926,4.1,4.1,0.000617,371.83487,3.30E-05,1.427596667,-1.32E-09,0.45201
TB,2/15/20,0,94.926,4.3,4.3,0.000583,371.83487,3.43E-05,1.427596667,-1.32E-09,0.45201
TB,2/15/20,0,94.926,4.3,4.3,0.000616,371.83487,3.37E-05,1.427596667,-1.32E-09,0.45201
TB,2/15/20,3,94.926,4.3,4.3,0.000644,371.83487,3.91E-05,1.427596667,-1.32E-09,0.45201
TB,2/15/20,3,95.006,1.6,1.6,0.00067,371.83487,3.77E-05,1.427596667,-1.32E-09,0.45201
TB,2/15/20,3,95.006,1.6,1.6,0.000652,371.83487,4.28E-05,1.427596667,-1.32E-09,0.45201
TB,2/15/20,5,95.006,1.6,1.6,0.000711,371.83487,6.36E-05,1.427596667,-1.32E-09,0.45201
TB,2/15/20,5,95.006,3.8,3.8,0.000707,371.83487,6.06E-05,1.427596667,-1.32E-09,0.45201
TB,2/15/20,5,95.006,3.8,3.8,0.000706,371.83487,6.68E-05,1.427596667,-1.32E-09,0.45201
TB,2/15/20,7,95.006,3.8,3.8,0.000745,371.83487,8.04E-05,1.427596667,-1.32E-09,0.45201
TB,2/15/20,7,95.006,4,4,0.000714,371.83487,6.70E-05,1.427596667,-1.32E-09,0.45201
TB,2/15/20,7,95.006,4,4,0.000742,371.83487,8.04E-05,1.427596667,-1.32E-09,0.45201
SSB,3/6/20,0,95.006,4,4,0.000571,372.84204,3.05E-05,1.427596667,-1.23E-09,0.4212
SSB,3/6/20,0,95.006,4.2,4.2,0.000602,372.84204,3.40E-05,1.427596667,-1.23E-09,0.4212
SSB,3/6/20,0,95.006,4.2,4.2,0.00061,372.84204,3.61E-05,1.427596667,-1.23E-09,0.4212
SSB,3/6/20,3,95.006,4.2,4.2,0.00066,372.84204,6.57E-05,1.427596667,-1.23E-09,0.4212
SSB,3/6/20,3,97.272,0.5,0.5,0.000659,372.84204,6.08E-05,1.427596667,-1.23E-09,0.4212
SSB,3/6/20,3,97.272,0.5,0.5,0.000657,372.84204,5.60E-05,1.427596667,-1.23E-09,0.4212
SSB,3/6/20,5,97.272,0.5,0.5,0.000714,372.84204,9.94E-05,1.427596667,-1.23E-09,0.4212
SSB,3/6/20,5,97.272,3.8,3.8,0.000737,372.84204,0.000107,1.427596667,-1.23E-09,0.4212
SSB,3/6/20,5,97.272,3.8,3.8,0.000742,372.84204,0.000127,1.427596667,-1.23E-09,0.4212
SSB,3/6/20,7,97.272,3.8,3.8,0.0014,372.84204,0.000688,1.427596667,-1.23E-09,0.4212
SSB,3/6/20,7,97.272,4,4,0.00142,372.84204,0.000597,1.427596667,-1.23E-09,0.4212
SSB,3/6/20,7,97.272,4,4,0.00135,372.84204,0.000767,1.427596667,-1.23E-09,0.4212
TB,3/7/20,0,97.272,4,4,0.000581,379.19256,2.44E-05,1.427596667,-1.23E-09,0.42008
TB,3/7/20,0,97.272,4.3,4.3,0.000616,379.19256,2.99E-05,1.427596667,-1.23E-09,0.42008
TB,3/7/20,0,97.272,4.3,4.3,6.00E-04,379.19256,2.68E-05,1.427596667,-1.23E-09,0.42008
TB,3/7/20,3,97.272,4.3,4.3,0.000668,379.19256,4.62E-05,1.427596667,-1.23E-09,0.42008
TB,3/7/20,3,96.459,1.3,1.3,0.00068,379.19256,4.94E-05,1.427596667,-1.23E-09,0.42008
TB,3/7/20,3,96.459,1.3,1.3,0.000677,379.19256,5.41E-05,1.427596667,-1.23E-09,0.42008
TB,3/7/20,5,96.459,1.3,1.3,0.000694,379.19256,7.24E-05,1.427596667,-1.23E-09,0.42008
TB,3/7/20,5,96.459,3.6,3.6,0.000688,379.19256,7.25E-05,1.427596667,-1.23E-09,0.42008
TB,3/7/20,5,96.459,3.6,3.6,0.000713,379.19256,7.24E-05,1.427596667,-1.23E-09,0.42008
TB,3/7/20,7,96.459,3.6,3.6,0.000826,379.19256,0.000176,1.427596667,-1.23E-09,0.42008
TB,3/7/20,7,96.459,3.9,3.9,0.000801,379.19256,0.000149,1.427596667,-1.23E-09,0.42008
TB,3/7/20,7,96.459,3.9,3.9,0.000783,379.19256,0.00014,1.427596667,-1.23E-09,0.42008
TB,1/10/20,0,96.459,3.9,3.9,0.000498,368.99791,2.40E-05,1.427596667,-1.24E-09,0.42611
TB,1/10/20,0,96.459,4,4,0.000514,368.99791,2.33E-05,1.427596667,-1.24E-09,0.42611
TB,1/10/20,0,96.459,4,4,0.000549,368.99791,3.04E-05,1.427596667,-1.24E-09,0.42611
SSB,5/4/20,0,96.285,14.1,14.1,0.000195,400.06544,1.56E-05,34.99834,2.25E-09,-0.2565
SSB,5/4/20,0,96.285,14.1,14.1,0.000123,400.06544,1.31E-05,34.99834,2.25E-09,-0.2565
SSB,5/4/20,0,96.285,14.1,14.1,3.64E-05,400.06544,1.49E-05,34.99834,2.25E-09,-0.2565
SSB,5/4/20,3,96.285,4.1,4.1,0.000596,400.06544,6.11E-05,34.99834,2.33E-09,-0.2565
SSB,5/4/20,3,96.285,4.1,4.1,0.000564,400.06544,6.19E-05,34.99834,2.33E-09,-0.2565
SSB,5/4/20,3,96.285,4.1,4.1,0.000575,400.06544,6.09E-05,34.99834,2.33E-09,-0.2565
SSB,5/4/20,5,96.285,4.1,4.1,0.000747,400.06544,0.000169,34.99834,2.33E-09,-0.2565
SSB,5/4/20,5,96.285,4.1,4.1,0.000749,400.06544,0.00017,34.99834,2.33E-09,-0.2565
SSB,5/4/20,5,96.285,4.1,4.1,0.000736,400.06544,0.000175,34.99834,2.33E-09,-0.2565
SSB,5/4/20,7,96.285,4.2,4.2,0.00121,400.06544,0.000417,34.99834,2.33E-09,-0.2565
SSB,5/4/20,7,96.285,4.2,4.2,0.0012,400.06544,0.000404,34.99834,2.33E-09,-0.2565
SSB,5/4/20,7,96.285,4.2,4.2,0.00114,400.06544,0.000407,34.99834,2.33E-09,-0.2565
TB,5/4/20,0,96.579,11.7,11.7,0.000311,356.45198,2.01E-05,11.61964,3.30E-09,-0.37185
TB,5/4/20,0,96.579,11.7,11.7,0.000321,356.45198,2.14E-05,11.61964,3.30E-09,-0.37185
TB,5/4/20,0,96.579,11.7,11.7,0.000307,356.45198,2.18E-05,11.61964,3.30E-09,-0.37185
TB,5/4/20,3,96.579,3.9,3.9,0.000532,356.45198,4.45E-05,11.61964,3.39E-09,-0.37185
TB,5/4/20,3,96.579,3.9,3.9,0.000523,356.45198,4.73E-05,11.61964,3.39E-09,-0.37185
TB,5/4/20,3,96.579,3.9,3.9,0.000523,356.45198,4.45E-05,11.61964,3.39E-09,-0.37185
TB,5/4/20,5,96.579,3.8,3.8,0.000556,356.45198,5.56E-05,11.61964,3.39E-09,-0.37185
TB,5/4/20,5,96.579,3.8,3.8,0.000549,356.45198,5.37E-05,11.61964,3.39E-09,-0.37185
TB,5/4/20,5,96.579,3.8,3.8,0.000169,356.45198,1.36E-05,11.61964,3.39E-09,-0.37185
TB,5/4/20,7,96.579,4,4,0.000679,356.45198,0.000124,11.61964,3.39E-09,-0.37185
TB,5/4/20,7,96.579,4,4,0.000684,356.45198,0.000124,11.61964,3.39E-09,-0.37185
TB,5/4/20,7,96.579,4,4,0.000657,356.45198,0.000107,11.61964,3.39E-09,-0.37185
TB,6/5/20,0,95.165,20,20,6.90E-05,405,-4.17E-08,1.85,1.49E-08,0.33
TB,6/5/20,0,95.165,20,20,6.88E-05,405,1.52E-08,1.85,5.11E-09,0.33
TB,6/5/20,0,95.165,4.1,4.1,0.000102,405,-3.75E-08,1.85,-4.54E-09,0.33
TB,6/5/20,3,95.165,4,4,0.000671,405,7.46E-05,1.85,-4.54E-09,0.33
TB,6/5/20,3,95.165,4.1,4.1,0.000671,405,7.86E-05,1.85,-4.54E-09,0.33
TB,6/5/20,3,95.165,4.1,4.1,0.000674,405,7.57E-05,1.85,-4.54E-09,0.33
TB,6/5/20,5,95.165,4.5,4.5,0.000695,405,0.000108,1.85,-4.53E-09,0.33
TB,6/5/20,5,95.165,4,4,0.000699,405,0.000104,1.85,-4.54E-09,0.33
TB,6/5/20,5,95.165,4,4,0.000698,405,0.000103,1.85,-4.54E-09,0.33
TB,6/5/20,7,95.165,20,20,0.000646,405,0.000217,1.85,-4.29E-09,0.33
TB,6/5/20,7,95.165,4.5,4.5,0.00093,405,0.000216,1.85,-4.53E-09,0.33
TB,6/5/20,7,95.165,4.5,4.5,0.000929,405,0.000227,1.85,-4.53E-09,0.33
TB,6/11/20,0,95.059,17.7,17.7,9.25E-05,410.52435,7.67E-07,36.13065,4.86E-09,-0.37106
TB,6/11/20,0,95.059,17.7,17.7,9.93E-05,410.52435,4.71E-07,36.13065,4.86E-09,-0.37106
TB,6/11/20,0,95.059,17.7,17.7,9.80E-05,410.52435,3.67E-07,36.13065,4.86E-09,-0.37106
TB,6/11/20,3,95.059,4.5,4.5,0.000661,410.52435,7.79E-05,36.13065,5.09E-09,-0.37106
TB,6/11/20,3,95.059,4.5,4.5,0.000617,410.52435,7.26E-05,36.13065,5.09E-09,-0.37106
TB,6/11/20,3,95.059,4.5,4.5,0.000649,410.52435,7.18E-05,36.13065,5.09E-09,-0.37106
TB,6/11/20,5,95.059,4,4,0.000673,410.52435,9.72E-05,36.13065,5.10E-09,-0.37106
TB,6/11/20,5,95.059,4,4,0.000677,410.52435,0.000104,36.13065,5.10E-09,-0.37106
TB,6/11/20,5,95.059,4,4,0.000681,410.52435,0.000104,36.13065,5.10E-09,-0.37106
TB,6/11/20,7,95.059,4.1,4.1,0.000831,410.52435,0.000207,36.13065,5.10E-09,-0.37106
TB,6/11/20,7,95.059,4.1,4.1,0.000843,410.52435,0.000217,36.13065,5.10E-09,-0.37106
TB,6/11/20,7,95.059,4.1,4.1,0.000849,410.52435,0.000214,36.13065,5.10E-09,-0.37106
SSB,6/18/20,0,95.565,26,26,6.60E-05,356.22733,2.38E-07,6.53984,1.81E-09,-0.14154
SSB,6/18/20,0,95.565,26,26,6.93E-05,356.22733,1.56E-06,6.53984,1.81E-09,-0.14154
SSB,6/18/20,0,95.565,26,26,6.21E-05,356.22733,8.21E-07,6.53984,1.81E-09,-0.14154
SSB,6/18/20,3,95.565,5.1,0.2,0.000944,356.22733,0.000141,6.53984,1.98E-09,-0.14154
SSB,6/18/20,3,95.565,5.1,0.2,0.000937,356.22733,0.000132,6.53984,1.98E-09,-0.14154
SSB,6/18/20,3,95.565,5.1,0.2,0.000933,356.22733,0.000129,6.53984,1.98E-09,-0.14154
SSB,6/18/20,5,95.565,4.6,0.2,0.001,356.22733,0.000221,6.53984,1.98E-09,-0.14154
SSB,6/18/20,5,95.565,4.6,0.2,0.000987,356.22733,0.00021,6.53984,1.98E-09,-0.14154
SSB,6/18/20,5,95.565,4.6,0.2,0.00104,356.22733,0.000253,6.53984,1.98E-09,-0.14154
TB,6/18/20,0,95.659,23.8,23.8,6.36E-05,362.32831,-5.72E-08,6.89464,6.42E-09,-0.49706
TB,6/18/20,0,95.659,23.8,23.8,6.25E-05,362.32831,-4.86E-08,6.89464,6.42E-09,-0.49706
TB,6/18/20,0,95.659,23.8,23.8,6.27E-05,362.32831,-6.80E-08,6.89464,6.42E-09,-0.49706
TB,6/18/20,3,95.659,4.8,4.8,0.000735,362.32831,7.91E-05,6.89464,6.86E-09,-0.49706
TB,6/18/20,3,95.659,4.8,4.8,0.00072,362.32831,7.97E-05,6.89464,6.86E-09,-0.49706
TB,6/18/20,3,95.659,4.8,4.8,0.000706,362.32831,7.26E-05,6.89464,6.86E-09,-0.49706
TB,6/18/20,5,95.659,4,4,0.000737,362.32831,9.59E-05,6.89464,6.88E-09,-0.49706
TB,6/18/20,5,95.659,4,4,0.000731,362.32831,9.48E-05,6.89464,6.88E-09,-0.49706
TB,6/18/20,5,95.659,4,4,0.000736,362.32831,9.30E-05,6.89464,6.88E-09,-0.49706
TB,6/18/20,7,95.659,4.1,4.1,0.00102,362.32831,0.00028,6.89464,6.88E-09,-0.49706
TB,6/18/20,7,95.659,4.1,4.1,0.00103,362.32831,0.000268,6.89464,6.88E-09,-0.49706
TB,6/18/20,7,95.659,4.1,4.1,0.00101,362.32831,0.000277,6.89464,6.88E-09,-0.49706
TB,6/24/20,0,95.005,22.6,0.2,0.00019,364.57714,4.30E-07,6.07929,3.39E-09,-0.24364
TB,6/24/20,0,95.005,22.6,0.2,0.00019,364.57714,4.35E-07,6.07929,3.39E-09,-0.24364
TB,6/24/20,0,95.005,22.6,0.2,0.000193,364.57714,5.83E-07,6.07929,3.39E-09,-0.24364
TB,6/24/20,3,95.005,5.4,0.2,0.000757,364.57714,7.47E-05,6.07929,3.39E-09,-0.24364
TB,6/24/20,3,95.005,5.4,0.2,0.000765,364.57714,7.63E-05,6.07929,7.09E-09,-0.24364
TB,6/24/20,3,95.005,5.4,0.2,0.000775,364.57714,7.87E-05,6.07929,3.39E-09,-0.24364
TB,6/24/20,5,95.005,4.1,0.2,0.000791,364.57714,9.78E-05,6.07929,3.39E-09,-0.24364
TB,6/24/20,5,95.005,4.1,0.2,0.00078,364.57714,9.82E-05,6.07929,4.22E-09,-0.24364
TB,6/24/20,5,95.005,4.1,0.2,0.000786,364.57714,9.91E-05,6.07929,3.39E-09,-0.24364
TB,6/24/20,7,95.005,4.1,0.2,0.00115,364.57714,0.000351,6.07929,3.39E-09,-0.24364
TB,6/24/20,7,95.005,4.1,0.2,0.00114,364.57714,0.000333,6.07929,3.39E-09,-0.24364
TB,6/24/20,7,95.005,4.1,0.2,0.00114,364.57714,0.000323,6.07929,3.39E-09,-0.24364
SSB,6/25/20,0,95.352,23.3,23.3,9.11E-05,369.98432,-2.89E-08,51.39191,1.64E-08,-0.32299
SSB,6/25/20,0,95.352,23.3,23.3,0.000106,369.98432,4.45E-07,51.39191,4.16E-09,-0.32299
SSB,6/25/20,0,95.352,23.3,23.3,0.000105,369.98432,2.20E-06,51.39191,4.16E-09,-0.32299
SSB,6/25/20,3,95.352,5.3,5.3,0.000797,369.98432,0.000131,51.39191,4.43E-09,-0.32299
SSB,6/25/20,3,95.352,5.3,5.3,0.00077,369.98432,0.000117,51.39191,4.43E-09,-0.32299
SSB,6/25/20,3,95.352,5.3,5.3,0.00078,369.98432,0.000124,51.39191,4.43E-09,-0.32299
SSB,6/25/20,5,95.352,4.4,4.4,0.000839,369.98432,0.000171,51.39191,1.87E-08,-0.32299
SSB,6/25/20,5,95.352,4.4,4.4,0.000826,369.98432,0.000175,51.39191,4.45E-09,-0.32299
SSB,6/25/20,5,95.352,4.4,4.4,0.000777,369.98432,0.000179,51.39191,4.45E-09,-0.32299
SSB,6/25/20,7,95.352,4.4,4.4,0.00128,369.98432,0.000635,51.39191,4.45E-09,-0.32299
SSB,6/25/20,7,95.352,4.4,4.4,0.00128,369.98432,0.000638,51.39191,4.45E-09,-0.32299
SSB,6/25/20,7,95.352,4.4,4.4,0.00128,369.98432,0.000591,51.39191,4.45E-09,-0.32299
TB,6/30/20,0,95.379,33.2,33.2,4.94E-05,380.6683,3.30E-07,7.91158,-3.18E-09,0.25505
TB,6/30/20,0,95.379,33.2,33.2,4.80E-05,380.6683,3.58E-07,7.91158,-3.18E-09,0.25505
TB,6/30/20,0,95.379,33.2,33.2,4.90E-05,380.6683,3.10E-07,7.91158,-3.18E-09,0.25505
TB,6/30/20,3,95.379,5,5,0.000762,380.6683,8.35E-05,7.91158,-3.51E-09,0.25505
TB,6/30/20,3,95.379,5,5,0.000749,380.6683,8.08E-05,7.91158,-3.51E-09,0.25505
TB,6/30/20,3,95.379,5,5,0.000757,380.6683,8.45E-05,7.91158,-3.51E-09,0.25505
TB,6/30/20,5,95.379,4.2,4.2,0.000765,380.6683,9.99E-05,7.91158,-3.52E-09,0.25505
TB,6/30/20,5,95.379,4.2,4.2,0.000709,380.6683,1.00E-04,7.91158,-3.52E-09,0.25505
TB,6/30/20,5,95.379,4.2,4.2,0.000726,380.6683,9.57E-05,7.91158,-3.52E-09,0.25505
TB,6/30/20,7,95.379,4.2,4.2,0.00108,380.6683,0.000308,7.91158,-3.52E-09,0.25505
TB,6/30/20,7,95.379,4.2,4.2,0.00111,380.6683,0.000353,7.91158,-3.52E-09,0.25505
TB,6/30/20,7,95.379,4.2,4.2,0.00108,380.6683,0.000309,7.91158,-3.52E-09,0.25505
SSB,7/2/20,0,95.899,28.3,28.3,6.98E-05,393.43812,1.66E-06,55.75334,-5.13E-11,0.00402
SSB,7/2/20,0,95.899,28.3,28.3,6.78E-05,393.43812,-3.62E-07,55.75334,-5.13E-11,0.00402
SSB,7/2/20,0,95.899,28.3,28.3,6.93E-05,393.43812,2.24E-06,55.75334,-5.13E-11,0.00402
SSB,7/2/20,3,95.899,6.1,6.1,0.000888,393.43812,0.000184,55.75334,-5.53E-11,0.00402
SSB,7/2/20,3,95.899,6.1,6.1,0.000886,393.43812,0.000174,55.75334,-5.53E-11,0.00402
SSB,7/2/20,3,95.899,6.1,6.1,0.000882,393.43812,0.000167,55.75334,-5.53E-11,0.00402
SSB,7/2/20,5,95.899,4.5,4.5,0.000912,393.43812,0.000198,55.75334,-5.57E-11,0.00402
SSB,7/2/20,5,95.899,4.5,4.5,0.000934,393.43812,0.000206,55.75334,-5.57E-11,0.00402
SSB,7/2/20,5,95.899,4.5,4.5,0.000918,393.43812,0.000196,55.75334,-5.57E-11,0.00402
SSB,7/2/20,7,95.899,4.4,4.4,0.00132,393.43812,0.00058,55.75334,-5.57E-11,0.00402
SSB,7/2/20,7,95.899,4.4,4.4,0.00116,393.43812,0.000542,55.75334,-5.57E-11,0.00402
SSB,7/2/20,7,95.899,4.4,4.4,0.00133,393.43812,0.00059,55.75334,-5.57E-11,0.00402
TB,7/7/20,0,95.485,32,32,6.21E-05,399.92279,2.49E-07,27.7515,4.81E-09,-0.38349
TB,7/7/20,0,95.485,32,32,6.36E-05,399.92279,5.31E-07,27.7515,4.81E-09,-0.38349
TB,7/7/20,0,95.485,32,32,6.55E-05,399.92279,1.71E-06,27.7515,4.81E-09,-0.38349
TB,7/7/20,3,95.485,5.6,5.6,0.000742,399.92279,8.35E-05,27.7515,5.27E-09,-0.38349
TB,7/7/20,3,95.485,5.6,5.6,0.000738,399.92279,8.28E-05,27.7515,5.27E-09,-0.38349
TB,7/7/20,3,95.485,5.6,5.6,0.00073,399.92279,7.94E-05,27.7515,5.27E-09,-0.38349
TB,7/7/20,5,95.485,4.4,4.4,0.000765,399.92279,0.000112,27.7515,5.29E-09,-0.38349
TB,7/7/20,5,95.485,4.4,4.4,0.000762,399.92279,0.000117,27.7515,5.29E-09,-0.38349
TB,7/7/20,5,95.485,4.4,4.4,0.000759,399.92279,0.00011,27.7515,5.29E-09,-0.38349
TB,7/7/20,7,95.485,4.4,4.4,0.00112,399.92279,0.000321,27.7515,5.29E-09,-0.38349
TB,7/7/20,7,95.485,4.4,4.4,0.00109,399.92279,0.000307,27.7515,5.29E-09,-0.38349
TB,7/7/20,7,95.485,4.4,4.4,0.00108,399.92279,0.000312,27.7515,5.29E-09,-0.38349
SSB,7/11/20,0,95.285,27,27,7.06E-05,391.30247,4.61E-07,42.34606,7.90E-09,-0.62061
SSB,7/11/20,0,95.285,27,27,7.95E-05,391.30247,3.92E-07,42.34606,7.90E-09,-0.62061
SSB,7/11/20,0,95.285,27,27,6.80E-05,391.30247,1.24E-06,42.34606,9.46E-09,-0.62061
SSB,7/11/20,3,95.285,6.1,6.1,0.000877,391.30247,0.00017,42.34606,8.49E-09,-0.62061
SSB,7/11/20,3,95.285,6.1,6.1,0.000841,391.30247,0.000168,42.34606,8.49E-09,-0.62061
SSB,7/11/20,3,95.285,6.1,6.1,0.000777,391.30247,0.000152,42.34606,8.49E-09,-0.62061
SSB,7/11/20,5,95.285,4.5,4.5,0.000944,391.30247,0.00022,42.34606,8.54E-09,-0.62061
SSB,7/11/20,5,95.285,4.5,4.5,0.000922,391.30247,0.000215,42.34606,8.54E-09,-0.62061
SSB,7/11/20,5,95.285,4.5,4.5,0.000927,391.30247,0.000225,42.34606,8.54E-09,-0.62061
SSB,7/11/20,7,95.285,4.4,4.4,0.00146,391.30247,0.000776,42.34606,8.54E-09,-0.62061
SSB,7/11/20,7,95.285,4.4,4.4,0.00145,391.30247,0.000746,42.34606,8.54E-09,-0.62061
SSB,7/11/20,7,95.285,4.4,4.4,0.00145,391.30247,0.000764,42.34606,8.54E-09,-0.62061
SSB,7/16/20,0,95.645,26.6,26.6,9.60E-05,391.7281,-6.92E-07,138.65702,1.07E-08,-0.83876
SSB,7/16/20,0,95.645,26.6,26.6,6.25E-05,391.7281,1.30E-07,138.65702,1.07E-08,-0.83876
SSB,7/16/20,0,95.645,26.6,26.6,6.97E-05,391.7281,1.10E-06,138.65702,1.96E-08,-0.83876
SSB,7/16/20,3,95.645,6.5,6.5,0.000864,391.7281,0.000166,138.65702,1.15E-08,-0.83876
SSB,7/16/20,3,95.645,6.5,6.5,0.000507,391.7281,9.44E-05,138.65702,1.15E-08,-0.83876
SSB,7/16/20,3,95.645,6.5,6.5,0.000518,391.7281,9.90E-05,138.65702,1.15E-08,-0.83876
SSB,7/16/20,5,95.645,4.6,4.6,0.000875,391.7281,0.000203,138.65702,1.16E-08,-0.83876
SSB,7/16/20,5,95.645,4.6,4.6,0.000585,391.7281,0.000127,138.65702,1.16E-08,-0.83876
SSB,7/16/20,5,95.645,4.6,4.6,0.000901,391.7281,0.000206,138.65702,1.16E-08,-0.83876
SSB,7/16/20,7,95.645,4.4,4.4,0.00141,391.7281,0.000736,138.65702,1.16E-08,-0.83876
SSB,7/16/20,7,95.645,4.4,4.4,0.0014,391.7281,0.000705,138.65702,1.16E-08,-0.83876
SSB,7/16/20,7,95.645,4.4,4.4,0.00141,391.7281,0.00072,138.65702,1.16E-08,-0.83876
TB,7/16/20,0,95.765,23.4,23.4,0.000132,339.44256,5.32E-07,21.26906,6.68E-09,-0.51579
TB,7/16/20,0,95.765,23.4,23.4,0.000128,339.44256,2.45E-06,21.26906,6.68E-09,-0.51579
TB,7/16/20,0,95.765,23.4,23.4,0.000131,339.44256,5.72E-07,21.26906,6.68E-09,-0.51579
TB,7/16/20,3,95.765,5.6,5.6,0.00072,339.44256,7.90E-05,21.26906,7.10E-09,-0.51579
TB,7/16/20,3,95.765,5.6,5.6,0.000722,339.44256,8.19E-05,21.26906,7.10E-09,-0.51579
TB,7/16/20,3,95.765,5.6,5.6,0.000723,339.44256,7.99E-05,21.26906,7.10E-09,-0.51579
TB,7/16/20,5,95.765,4.1,4.1,0.00073,339.44256,0.000109,21.26906,8.11E-09,-0.51579
TB,7/16/20,5,95.765,4.1,4.1,0.000729,339.44256,0.000105,21.26906,7.14E-09,-0.51579
TB,7/16/20,5,95.765,4.1,4.1,0.000718,339.44256,9.81E-05,21.26906,7.14E-09,-0.51579
TB,7/16/20,7,95.765,4.2,4.2,0.00102,339.44256,0.000299,21.26906,7.14E-09,-0.51579
TB,7/16/20,7,95.765,4.2,4.2,0.00103,339.44256,0.000294,21.26906,7.14E-09,-0.51579
TB,7/16/20,7,95.765,4.2,4.2,0.00101,339.44256,0.000281,21.26906,9.10E-09,-0.51579
TB,7/22/20,0,95.592,21.8,21.8,0.000127,359.81277,1.49E-06,11.69591,-1.80E-09,0.13863
TB,7/22/20,0,95.592,21.8,21.8,0.000126,359.81277,1.08E-06,11.69591,-1.80E-09,0.13863
TB,7/22/20,0,95.592,21.8,21.8,0.000126,359.81277,7.60E-07,11.69591,-1.80E-09,0.13863
SSB,7/23/20,0,96.125,20.7,20.7,0.000187,374.60043,2.65E-06,44.77353,7.02E-09,0.00569
SSB,7/23/20,0,96.125,20.7,20.7,0.000188,374.60043,2.83E-06,44.77353,1.08E-09,0.00569
SSB,7/23/20,3,96.125,6.6,6.6,0.000836,374.60043,0.00017,44.77353,-7.84E-11,0.00569
SSB,7/23/20,3,96.125,6.6,6.6,0.000829,374.60043,0.000163,44.77353,-7.84E-11,0.00569
SSB,7/23/20,3,96.125,6.6,6.6,0.000832,374.60043,0.00017,44.77353,-7.84E-11,0.00569
SSB,7/23/20,5,96.125,4.5,4.5,0.000924,374.60043,0.000229,44.77353,-7.90E-11,0.00569
SSB,7/23/20,5,96.125,4.5,4.5,0.000927,374.60043,0.000237,44.77353,-7.90E-11,0.00569
SSB,7/23/20,5,96.125,4.5,4.5,0.000926,374.60043,0.00024,44.77353,-7.90E-11,0.00569
SSB,7/23/20,7,96.125,4.4,4.4,0.00138,374.60043,0.00074,44.77353,-7.90E-11,0.00569
SSB,7/23/20,7,96.125,4.4,4.4,0.00137,374.60043,0.000724,44.77353,-7.90E-11,0.00569
SSB,7/23/20,7,96.125,4.4,4.4,0.00136,374.60043,0.000729,44.77353,-7.90E-11,0.00569
SSB,7/28/20,0,95.232,23.3,23.3,0.000117,379.84956,-4.10E-07,60.07996,1.08E-09,-0.08359
SSB,7/28/20,0,95.232,23.3,23.3,0.000121,379.84956,-4.54E-07,60.07996,3.25E-09,-0.08359
SSB,7/28/20,0,95.232,23.3,23.3,0.000121,379.84956,-1.77E-07,60.07996,1.08E-09,-0.08359
SSB,7/28/20,3,95.232,7,7,0.000872,379.84956,0.000195,60.07996,1.14E-09,-0.08359
SSB,7/28/20,3,95.232,7,7,0.000873,379.84956,0.000192,60.07996,1.14E-09,-0.08359
SSB,7/28/20,3,95.232,7,7,0.000868,379.84956,0.000184,60.07996,1.14E-09,-0.08359
SSB,7/28/20,5,95.232,4.5,4.5,0.000939,379.84956,0.000227,60.07996,1.15E-09,-0.08359
SSB,7/28/20,5,95.232,4.5,4.5,0.000952,379.84956,0.000234,60.07996,1.15E-09,-0.08359
SSB,7/28/20,5,95.232,4.5,4.5,0.000962,379.84956,0.00024,60.07996,1.15E-09,-0.08359
SSB,7/28/20,7,95.232,4.4,4.4,0.00142,379.84956,0.000744,60.07996,1.15E-09,-0.08359
SSB,7/28/20,7,95.232,4.4,4.4,0.00141,379.84956,0.000696,60.07996,1.15E-09,-0.08359
SSB,7/28/20,7,95.232,4.4,4.4,0.00138,379.84956,0.00068,60.07996,1.15E-09,-0.08359
TB,8/4/20,0,96.125,18.9,18.9,0.000194,347.33699,2.87E-06,6.16543,-1.60E-10,0.01212
TB,8/4/20,0,96.125,18.9,18.9,0.000194,347.33699,4.05E-06,6.16543,-1.60E-10,0.01212
TB,8/4/20,0,96.125,18.9,18.9,0.00019,347.33699,2.92E-06,6.16543,-1.60E-10,0.01212
TB,10/5/20,0,95.219,10.5,10.5,0.000273,355.97158,1.71E-05,24.20824,-8.65E-10,0.06427
TB,10/5/20,0,95.219,10.5,10.5,0.000271,355.97158,1.67E-05,24.20824,-8.65E-10,0.06427
TB,10/5/20,0,95.219,10.5,10.5,0.000265,355.97158,1.54E-05,24.20824,-8.65E-10,0.06427
TB,10/5/20,3,95.219,9,9,0.000711,355.97158,9.55E-05,24.20824,-8.70E-10,0.06427
TB,10/5/20,3,95.219,9,9,0.00072,355.97158,0.000109,24.20824,-8.70E-10,0.06427
TB,10/5/20,3,95.219,9,9,0.000688,355.97158,9.19E-05,24.20824,-8.70E-10,0.06427
TB,10/5/20,5,95.219,5,5,0.000742,355.97158,0.000123,24.20824,-8.82E-10,0.06427
TB,10/5/20,5,95.219,5,5,0.000745,355.97158,0.00012,24.20824,-8.82E-10,0.06427
TB,10/5/20,5,95.219,5,5,0.00075,355.97158,0.000114,24.20824,-8.82E-10,0.06427
TB,10/5/20,7,95.219,4.4,4.4,0.00105,355.97158,0.000414,24.20824,-8.84E-10,0.06427
TB,10/5/20,7,95.219,4.4,4.4,0.00107,355.97158,0.000399,24.20824,-8.84E-10,0.06427
TB,10/5/20,7,95.219,4.4,4.4,0.00105,355.97158,0.000407,24.20824,-8.84E-10,0.06427
SSB,10/7/20,0,95.525,11.9,11.9,0.000286,363.38559,1.01E-05,44.69531,5.76E-09,-0.0218
SSB,10/7/20,0,95.525,11.9,11.9,0.000295,363.38559,9.84E-06,44.69531,5.38E-09,-0.0218
SSB,10/7/20,0,95.525,11.9,11.9,0.000285,363.38559,8.43E-06,44.69531,7.77E-09,-0.0218
SSB,10/7/20,3,95.525,9.6,9.6,0.000915,363.38559,0.000273,44.69531,2.95E-10,-0.0218
SSB,10/7/20,3,95.525,9.6,9.6,0.000909,363.38559,0.000269,44.69531,2.95E-10,-0.0218
SSB,10/7/20,3,95.525,9.6,9.6,0.00089,363.38559,0.000266,44.69531,2.95E-10,-0.0218
SSB,10/7/20,5,95.525,5.6,5.6,0.00102,363.38559,0.000388,44.69531,3.00E-10,-0.0218
SSB,10/7/20,5,95.525,5.6,5.6,0.00102,363.38559,0.000393,44.69531,3.00E-10,-0.0218
SSB,10/7/20,5,95.525,5.6,5.6,0.000656,363.38559,0.000236,44.69531,3.00E-10,-0.0218
SSB,10/7/20,7,95.525,4.8,4.8,0.00139,363.38559,0.000779,44.69531,3.00E-10,-0.0218
SSB,10/7/20,7,95.525,4.8,4.8,0.00138,363.38559,0.000747,44.69531,3.00E-10,-0.0218
SSB,10/7/20,7,95.525,4.8,4.8,0.0014,363.38559,0.000763,44.69531,3.00E-10,-0.0218
SSB,10/30/20,0,96.565,5.2,5.2,0.000492,348.13162,6.23E-05,5.9538,2.94E-09,-0.21156
SSB,10/30/20,0,96.565,5.2,5.2,0.00049,348.13162,6.08E-05,5.9538,2.94E-09,-0.21156
SSB,10/30/20,0,96.565,5.2,5.2,0.000487,348.13162,5.96E-05,5.9538,2.94E-09,-0.21156
SSB,10/30/20,3,96.565,4.3,4.3,0.000517,348.13162,5.49E-05,5.9538,2.95E-09,-0.21156
SSB,10/30/20,3,96.565,4.3,4.3,0.000527,348.13162,5.99E-05,5.9538,2.95E-09,-0.21156
SSB,10/30/20,3,96.565,4.3,4.3,0.000522,348.13162,6.66E-05,5.9538,2.95E-09,-0.21156
SSB,10/30/20,5,96.565,4.2,4.2,0.000517,348.13162,6.26E-05,5.9538,2.95E-09,-0.21156
SSB,10/30/20,5,96.565,4.2,4.2,0.000509,348.13162,6.08E-05,5.9538,2.95E-09,-0.21156
SSB,10/30/20,5,96.565,4.2,4.2,0.00052,348.13162,6.52E-05,5.9538,2.95E-09,-0.21156
SSB,10/30/20,7,96.565,4.2,4.2,0.000504,348.13162,5.74E-05,5.9538,2.95E-09,-0.21156
SSB,10/30/20,7,96.565,4.2,4.2,0.000512,348.13162,6.14E-05,5.9538,2.95E-09,-0.21156
SSB,10/30/20,7,96.565,4.2,4.2,0.00052,348.13162,6.41E-05,5.9538,2.95E-09,-0.21156
TB,10/30/20,0,95.605,4.7,4.7,0.000394,350.49536,2.59E-05,18.02836,3.41E-09,-0.24687
TB,10/30/20,0,95.605,4.7,4.7,0.000385,350.49536,2.59E-05,18.02836,3.41E-09,-0.24687
TB,10/30/20,0,95.605,4.7,4.7,0.000402,350.49536,2.68E-05,18.02836,3.41E-09,-0.24687
TB,10/30/20,3,95.605,4,4,0.000272,350.49536,1.81E-05,18.02836,3.41E-09,-0.24687
TB,10/30/20,3,95.605,4,4,0.000414,350.49536,2.85E-05,18.02836,3.41E-09,-0.24687
TB,10/30/20,3,95.605,4,4,0.000406,350.49536,2.70E-05,18.02836,3.41E-09,-0.24687
TB,10/30/20,5,95.605,4,4,0.000428,350.49536,3.79E-05,18.02836,3.41E-09,-0.24687
TB,10/30/20,5,95.605,4,4,0.000451,350.49536,5.86E-05,18.02836,3.41E-09,-0.24687
TB,10/30/20,5,95.605,4,4,0.000474,350.49536,6.62E-05,18.02836,3.41E-09,-0.24687
TB,10/30/20,7,95.605,4.1,4.1,0.000921,350.49536,0.000305,18.02836,3.41E-09,-0.24687
TB,10/30/20,7,95.605,4.1,4.1,0.000893,350.49536,0.000277,18.02836,3.41E-09,-0.24687
TB,10/30/20,7,95.605,4.1,4.1,0.000868,350.49536,0.000271,18.02836,3.41E-09,-0.24687
SSB,1/13/21,0,94.738,0.3,0.3,0.00047,386.36574,8.14E-06,11.07119,2.18E-09,-0.15686
SSB,1/13/21,0,94.738,0.3,0.3,0.000509,386.36574,1.07E-05,11.07119,2.18E-09,-0.15686
SSB,1/13/21,0,94.738,0.3,0.3,0.000531,386.36574,7.60E-07,11.07119,2.18E-09,-0.15686
SSB,1/13/21,3,94.738,3.6,3.6,0.000511,386.36574,2.92E-05,11.07119,2.15E-09,-0.15686
SSB,1/13/21,3,94.738,3.6,3.6,0.000522,386.36574,3.34E-05,11.07119,2.15E-09,-0.15686
SSB,1/13/21,3,94.738,3.6,3.6,0.000488,386.36574,3.04E-05,11.07119,2.15E-09,-0.15686
SSB,1/13/21,5,94.738,3.7,3.7,0.000537,386.36574,6.01E-05,11.07119,2.15E-09,-0.15686
SSB,1/13/21,5,94.738,3.7,3.7,0.000535,386.36574,6.11E-05,11.07119,2.15E-09,-0.15686
SSB,1/13/21,5,94.738,3.7,3.7,0.000549,386.36574,6.46E-05,11.07119,2.15E-09,-0.15686
SSB,1/13/21,7,94.738,4,4,0.000624,386.36574,0.000122,11.07119,2.15E-09,-0.15686
SSB,1/13/21,7,94.738,4,4,0.000607,386.36574,0.000132,11.07119,2.15E-09,-0.15686
SSB,1/13/21,7,94.738,4,4,0.000636,386.36574,0.000168,11.07119,2.15E-09,-0.15686
TB,1/14/21,0,94.232,1.8,1.8,0.000392,371.81449,4.84E-06,26.41653,-3.32E-09,0.24163
TB,1/14/21,0,94.232,1.8,1.8,0.000381,371.81449,1.34E-05,26.41653,-3.32E-09,0.24163
TB,1/14/21,0,94.232,1.8,1.8,0.00037,371.81449,1.66E-05,26.41653,-3.32E-09,0.24163
TB,1/14/21,3,94.232,4,4,0.000483,371.81449,3.13E-05,26.41653,-3.29E-09,0.24163
TB,1/14/21,3,94.232,4,4,0.000456,371.81449,1.67E-05,26.41653,-3.29E-09,0.24163
TB,1/14/21,3,94.232,4,4,0.000448,371.81449,1.67E-05,26.41653,-3.29E-09,0.24163
TB,1/14/21,5,94.232,4.1,4.1,0.000541,371.81449,7.00E-05,26.41653,-3.29E-09,0.24163
TB,1/14/21,5,94.232,4.1,4.1,0.000567,371.81449,0.000105,26.41653,-3.29E-09,0.24163
TB,1/14/21,5,94.232,4.1,4.1,0.000515,371.81449,5.02E-05,26.41653,-3.29E-09,0.24163
TB,1/14/21,7,94.232,4.4,4.4,0.001,371.81449,0.00046,26.41653,-3.29E-09,0.24163
TB,1/14/21,7,94.232,4.4,4.4,0.000905,371.81449,0.000405,26.41653,-3.29E-09,0.24163
TB,1/14/21,7,94.232,4.4,4.4,0.000871,371.81449,0.000411,26.41653,-3.29E-09,0.24163